Age,Age_sq,GP,MP,PTS_per_GP,TRB_per_GP,AST_per_GP,STL_per_GP,BLK_per_GP,TRB_per_min,AST_per_min,STL_per_min,BLK_per_min,FG%,3P%,FT%,USG%,BPM,VORP,AST_to_TOV,STL_BLK_sum,Toxic_Contract,Position_Clean,Experience_Category
35,82.13682820675828,18,9.0,0.15555555555555556,0.09444444444444444,0.044444444444444446,0.022222222222222223,0.016666666666666666,0.18888888888888888,0.08888888888888889,0.044444444444444446,0.03333333333333333,0.449,0.2,0.5,15.7,-4.4,-0.1,2.0,0.7,0,PF,Veteran
21,24.37459044452051,50,28.3,0.226,0.162,0.027999999999999997,0.008,0.013999999999999999,0.2862190812720848,0.04946996466431095,0.014134275618374558,0.024734982332155476,0.442,0.327,0.738,17.3,-2.1,0.0,1.0,1.1,0,C,Rookie
19,48.122842192772254,41,12.5,0.07560975609756097,0.04390243902439025,0.012195121951219513,0.004878048780487805,0.004878048780487805,0.14400000000000002,0.04,0.016,0.016,0.415,0.419,0.875,10.4,-3.1,-0.1,1.6666666666666667,0.4,0,SG,Rookie
23,8.626338696268764,73,24.9,0.13835616438356163,0.05205479452054794,0.01780821917808219,0.010958904109589041,0.00684931506849315,0.15261044176706828,0.052208835341365466,0.032128514056224904,0.020080321285140562,0.427,0.366,0.838,16.8,-3.0,-0.4,1.3,1.3,0,SF,Prime
26,0.003961073891143875,83,35.7,0.2421686746987952,0.05301204819277109,0.03975903614457831,0.013253012048192772,0.008433734939759036,0.12324929971988796,0.09243697478991596,0.03081232492997199,0.019607843137254898,0.468,0.382,0.895,22.6,1.7,2.8,2.1999999999999997,1.8,0,SF,Prime
24,3.7522128221428903,60,29.6,0.23333333333333334,0.065,0.095,0.025,0.006666666666666667,0.13175675675675674,0.19256756756756757,0.05067567567567567,0.013513513513513514,0.514,0.31,0.783,21.3,0.5,1.2,2.4782608695652177,1.9,0,PG,Prime
25,0.8780869480170171,65,18.7,0.12615384615384614,0.09846153846153846,0.00923076923076923,0.003076923076923077,0.016923076923076926,0.34224598930481287,0.03208556149732621,0.010695187165775402,0.05882352941176471,0.629,1.0,0.749,15.6,-1.3,0.2,0.6666666666666666,1.3,0,C,Prime
25,0.8780869480170171,17,3.9,0.07058823529411765,0.058823529411764705,0.011764705882352941,0.011764705882352941,0.0058823529411764705,0.25641025641025644,0.05128205128205129,0.05128205128205129,0.025641025641025644,0.421,0.333,0.667,14.7,-1.9,0.0,2.0,0.30000000000000004,0,SF,Prime
26,0.003961073891143875,54,12.7,0.08888888888888889,0.025925925925925925,0.009259259259259259,0.007407407407407408,0.001851851851851852,0.11023622047244094,0.03937007874015748,0.03149606299212599,0.007874015748031498,0.363,0.35,0.906,14.7,-2.4,-0.1,1.25,0.5,0,SG,Prime
21,24.37459044452051,76,28.3,0.1355263157894737,0.038157894736842106,0.08157894736842106,0.018421052631578946,0.005263157894736842,0.10247349823321554,0.21908127208480566,0.04946996466431095,0.014134275618374558,0.377,0.28,0.821,20.5,-3.8,-1.0,2.695652173913044,1.7999999999999998,0,PG,Rookie
27,1.1298351997652707,40,8.1,0.06,0.04,0.03,0.005,0.0,0.19753086419753088,0.14814814814814814,0.02469135802469136,0.0,0.356,0.355,0.846,14.7,-3.4,-0.1,4.0,0.2,0,SG,Prime
23,8.626338696268764,9,5.6,0.1111111111111111,0.044444444444444446,0.03333333333333333,0.0,0.0,0.07142857142857144,0.053571428571428575,0.0,0.0,0.214,0.25,0.773,12.8,-10.6,-0.1,2.9999999999999996,0.0,0,SF,Prime
22,15.500464570394637,38,31.0,0.4868421052631579,0.10263157894736842,0.09473684210526316,0.028947368421052635,0.010526315789473684,0.12580645161290321,0.11612903225806452,0.035483870967741936,0.012903225806451613,0.439,0.387,0.78,24.4,0.4,0.7,2.4,1.5,0,SG,Rookie
23,8.626338696268764,5,5.8,0.48,0.44000000000000006,0.04,0.0,0.08,0.37931034482758624,0.034482758620689655,0.0,0.06896551724137931,0.667,0.3105,0.0,16.1,-3.4,0.0,1.0,0.4,0,C,Prime
27,1.1298351997652707,74,16.9,0.1027027027027027,0.0554054054054054,0.012162162162162163,0.005405405405405406,0.005405405405405406,0.24260355029585798,0.053254437869822494,0.02366863905325444,0.02366863905325444,0.458,0.363,0.815,18.1,-1.0,0.3,1.0,0.8,0,PF,Prime
25,0.8780869480170171,66,34.4,0.3878787878787879,0.1303030303030303,0.028787878787878786,0.00909090909090909,0.00909090909090909,0.25,0.055232558139534885,0.01744186046511628,0.01744186046511628,0.499,0.391,0.875,26.6,3.8,3.3,1.0,1.2,0,PF,Prime
34,65.01095408088416,47,35.6,0.6191489361702128,0.1425531914893617,0.10638297872340426,0.014893617021276595,0.02978723404255319,0.18820224719101122,0.14044943820224717,0.019662921348314606,0.03932584269662921,0.56,0.404,0.919,30.7,7.1,3.9,1.5151515151515151,2.0999999999999996,0,PF,Veteran
34,65.01095408088416,69,28.5,0.17971014492753623,0.02753623188405797,0.0391304347826087,0.008695652173913044,0.005797101449275362,0.06666666666666667,0.09473684210526316,0.021052631578947368,0.014035087719298246,0.446,0.371,0.821,17.8,-1.9,0.1,1.8,1.0,0,SG,Veteran
26,0.003961073891143875,59,22.3,0.1576271186440678,0.04576271186440678,0.025423728813559324,0.00847457627118644,0.0016949152542372883,0.1210762331838565,0.06726457399103139,0.02242152466367713,0.004484304932735426,0.492,0.494,0.949,14.5,0.5,0.8,1.875,0.6,0,SG,Prime
30,16.50745757738765,52,19.5,0.09423076923076924,0.03076923076923077,0.02692307692307692,0.009615384615384616,0.0019230769230769232,0.08205128205128205,0.07179487179487179,0.02564102564102564,0.005128205128205128,0.435,0.35,0.769,10.5,-2.8,-0.2,3.4999999999999996,0.6,0,SG,Veteran
31,25.633331703261778,33,24.3,0.4575757575757576,0.1272727272727273,0.1484848484848485,0.02121212121212121,0.006060606060606061,0.1728395061728395,0.20164609053497942,0.028806584362139915,0.00823045267489712,0.436,0.315,0.902,27.4,0.8,0.6,2.227272727272727,0.8999999999999999,0,SF,Veteran
19,48.122842192772254,80,22.2,0.12375,0.0375,0.015,0.00625,0.00375,0.13513513513513514,0.05405405405405406,0.022522522522522525,0.013513513513513514,0.472,0.36,0.714,19.0,-3.3,-0.6,1.2,0.8,0,SG,Rookie
23,8.626338696268764,77,27.6,0.17922077922077922,0.06103896103896104,0.01948051948051948,0.011688311688311689,0.0025974025974025974,0.17028985507246377,0.05434782608695652,0.03260869565217391,0.007246376811594203,0.422,0.361,0.861,20.2,-0.3,0.9,1.6666666666666665,1.1,0,SF,Prime
42,258.0179470878772,7,10.1,0.5571428571428572,0.2285714285714286,0.0,0.014285714285714287,0.04285714285714286,0.15841584158415842,0.0,0.009900990099009901,0.0297029702970297,0.345,0.333,0.8,20.1,-12.1,-0.2,0.0,0.4,0,C,Veteran
22,15.500464570394637,35,14.5,0.16285714285714287,0.15714285714285714,0.037142857142857144,0.014285714285714285,0.025714285714285714,0.3793103448275862,0.0896551724137931,0.034482758620689655,0.06206896551724138,0.644,0.375,0.595,15.6,0.6,0.3,1.0833333333333335,1.4,0,C,Rookie
23,8.626338696268764,63,32.7,0.3492063492063492,0.07936507936507936,0.04603174603174603,0.01111111111111111,0.0031746031746031746,0.1529051987767584,0.08868501529051986,0.021406727828746173,0.0061162079510703364,0.452,0.329,0.749,27.9,-1.8,0.1,1.380952380952381,0.8999999999999999,0,SF,Prime
28,4.255709325639398,54,22.1,0.1685185185185185,0.044444444444444446,0.02962962962962963,0.009259259259259259,0.005555555555555556,0.10859728506787329,0.07239819004524886,0.02262443438914027,0.013574660633484162,0.467,0.381,0.844,17.3,-3.3,-0.4,1.2307692307692308,0.8,0,PF,Prime
29,9.381583451513524,65,23.5,0.15538461538461537,0.04153846153846154,0.04153846153846154,0.016923076923076926,0.004615384615384615,0.11489361702127661,0.11489361702127661,0.04680851063829788,0.01276595744680851,0.431,0.365,0.852,18.4,-1.2,0.3,2.076923076923077,1.4000000000000001,0,SG,Veteran
26,0.003961073891143875,68,35.8,0.4161764705882353,0.06323529411764706,0.06470588235294118,0.022058823529411766,0.0058823529411764705,0.12011173184357542,0.12290502793296092,0.04189944134078213,0.011173184357541902,0.484,0.386,0.867,32.1,6.3,5.0,1.6923076923076923,1.9,0,SG,Prime
27,1.1298351997652707,64,35.0,0.33125,0.1125,0.0578125,0.009375,0.0078125,0.2057142857142857,0.10571428571428572,0.017142857142857144,0.014285714285714285,0.448,0.333,0.73,27.9,-1.7,0.2,1.2333333333333334,1.1,0,PF,Prime
28,4.255709325639398,48,20.2,0.21458333333333335,0.04583333333333334,0.09375,0.014583333333333332,0.004166666666666667,0.10891089108910892,0.22277227722772278,0.03465346534653465,0.009900990099009901,0.415,0.368,0.766,24.8,-1.2,0.2,2.6470588235294117,0.8999999999999999,0,PG,Prime
29,9.381583451513524,60,26.1,0.2833333333333333,0.04833333333333333,0.030000000000000002,0.013333333333333334,0.005,0.1111111111111111,0.06896551724137931,0.03065134099616858,0.011494252873563216,0.479,0.397,0.812,26.0,0.3,0.9,1.0588235294117647,1.1,0,SG,Veteran
29,9.381583451513524,32,15.0,0.1625,0.0875,0.021875,0.025,0.021875,0.18666666666666665,0.04666666666666666,0.05333333333333334,0.04666666666666666,0.565,0.371,0.667,13.6,1.4,0.4,1.1666666666666667,1.5,0,SF,Veteran
24,3.7522128221428903,80,18.1,0.06999999999999999,0.01625,0.028749999999999998,0.0075,0.0025,0.0718232044198895,0.12707182320441987,0.03314917127071823,0.011049723756906077,0.454,0.32,0.806,14.1,-2.8,-0.3,2.8749999999999996,0.8,0,PG,Prime
21,24.37459044452051,34,20.6,0.23823529411764705,0.13823529411764707,0.055882352941176466,0.01764705882352941,0.03823529411764706,0.22815533980582522,0.09223300970873785,0.029126213592233007,0.06310679611650485,0.434,0.365,0.629,18.3,0.0,0.3,1.4615384615384615,1.9,0,PF,Rookie
22,15.500464570394637,47,13.0,0.10638297872340426,0.05957446808510638,0.014893617021276595,0.00851063829787234,0.00851063829787234,0.21538461538461537,0.05384615384615384,0.03076923076923077,0.03076923076923077,0.551,0.103,0.699,15.7,-1.2,0.1,1.0,0.8,0,C,Rookie
24,3.7522128221428903,77,22.3,0.17532467532467533,0.03376623376623377,0.050649350649350645,0.007792207792207792,0.003896103896103896,0.11659192825112108,0.1748878923766816,0.026905829596412554,0.013452914798206277,0.448,0.359,0.889,25.8,0.3,1.0,2.0526315789473686,0.8999999999999999,0,SG,Prime
25,0.8780869480170171,78,20.3,0.0846153846153846,0.06923076923076923,0.016666666666666666,0.00641025641025641,0.016666666666666666,0.2660098522167488,0.06403940886699508,0.02463054187192118,0.06403940886699508,0.641,0.389,0.664,12.5,0.1,0.8,1.4444444444444444,1.8,0,C,Prime
22,15.500464570394637,62,19.1,0.11935483870967742,0.06129032258064516,0.03387096774193549,0.008064516129032258,0.0032258064516129032,0.19895287958115182,0.10994764397905758,0.026178010471204185,0.010471204188481676,0.56,0.391,0.72,16.1,-1.8,0.1,1.909090909090909,0.7,0,PF,Rookie
24,3.7522128221428903,28,8.7,0.23214285714285715,0.08214285714285714,0.02142857142857143,0.0035714285714285718,0.0035714285714285718,0.26436781609195403,0.06896551724137931,0.01149425287356322,0.01149425287356322,0.543,0.359,0.788,26.9,-0.4,0.1,1.2,0.2,0,C,Prime
19,48.122842192772254,56,26.0,0.19642857142857142,0.09464285714285714,0.044642857142857144,0.014285714285714287,0.0071428571428571435,0.20384615384615384,0.09615384615384616,0.03076923076923077,0.015384615384615385,0.453,0.246,0.698,19.8,-4.0,-0.7,1.4705882352941178,1.2000000000000002,0,PF,Rookie
31,25.633331703261778,51,22.0,0.25098039215686274,0.060784313725490195,0.04313725490196079,0.013725490196078431,0.00392156862745098,0.1409090909090909,0.1,0.031818181818181815,0.009090909090909092,0.436,0.414,0.814,22.8,1.2,0.9,2.0,0.8999999999999999,0,SG,Veteran
28,4.255709325639398,20,8.6,0.065,0.04,0.06,0.015,0.0,0.0930232558139535,0.13953488372093023,0.03488372093023256,0.0,0.243,0.348,0.819,11.1,-8.8,-0.3,2.9999999999999996,0.3,0,PG,Prime
26,0.003961073891143875,68,35.0,0.35294117647058826,0.051470588235294115,0.0911764705882353,0.013235294117647059,0.0029411764705882353,0.1,0.17714285714285716,0.025714285714285714,0.005714285714285714,0.491,0.416,0.829,27.2,3.9,3.5,2.9523809523809526,1.1,0,PG,Prime
23,8.626338696268764,40,24.8,0.2425,0.05500000000000001,0.034999999999999996,0.025,0.01,0.08870967741935484,0.0564516129032258,0.04032258064516129,0.016129032258064516,0.446,0.313,0.853,17.1,-3.4,-0.4,1.1666666666666667,1.4,0,SF,Prime
23,8.626338696268764,63,15.1,0.10476190476190475,0.04444444444444444,0.007936507936507936,0.006349206349206349,0.0031746031746031746,0.18543046357615894,0.033112582781456956,0.026490066225165566,0.013245033112582783,0.458,0.349,0.767,18.4,-3.5,-0.4,0.625,0.6000000000000001,0,SF,Prime
22,15.500464570394637,36,10.7,0.07777777777777778,0.04722222222222222,0.016666666666666666,0.011111111111111112,0.005555555555555556,0.15887850467289721,0.056074766355140186,0.03738317757009346,0.01869158878504673,0.387,0.309,0.733,12.7,-3.9,-0.2,1.4999999999999998,0.6000000000000001,0,SF,Rookie
20,35.24871631864638,46,17.1,0.11521739130434783,0.043478260869565216,0.02608695652173913,0.006521739130434782,0.002173913043478261,0.11695906432748537,0.07017543859649122,0.017543859649122806,0.005847953216374269,0.396,0.325,0.75,15.0,-6.0,-0.8,1.3333333333333333,0.4,0,SG,Rookie
30,16.50745757738765,70,30.7,0.19142857142857142,0.1657142857142857,0.017142857142857144,0.011428571428571429,0.02,0.3778501628664495,0.03908794788273615,0.026058631921824105,0.04560260586319218,0.659,0.0,0.644,16.3,0.7,1.4,0.7058823529411765,2.2,0,C,Veteran
25,0.8780869480170171,37,9.5,0.1027027027027027,0.02972972972972973,0.016216216216216217,0.008108108108108109,0.002702702702702703,0.11578947368421054,0.06315789473684211,0.031578947368421054,0.010526315789473684,0.432,0.391,0.722,19.1,-4.4,-0.2,1.0,0.4,0,SG,Prime
22,15.500464570394637,71,29.9,0.1591549295774648,0.04507042253521127,0.029577464788732397,0.009859154929577464,0.005633802816901409,0.10702341137123747,0.07023411371237459,0.023411371237458192,0.013377926421404684,0.468,0.386,0.796,14.4,-0.1,1.0,2.1,1.1,0,SG,Rookie
36,101.26270233263241,46,18.1,0.10869565217391304,0.0391304347826087,0.05217391304347826,0.013043478260869565,0.002173913043478261,0.09944751381215469,0.13259668508287292,0.03314917127071823,0.0055248618784530384,0.47,0.358,0.764,11.3,-1.5,0.1,3.428571428571429,0.7,0,PG,Veteran
20,35.24871631864638,75,12.9,0.04,0.05466666666666666,0.012,0.008,0.005333333333333334,0.31782945736434104,0.06976744186046512,0.046511627906976744,0.031007751937984496,0.486,0.407,0.617,10.5,-1.4,0.2,1.5,1.0,0,C,Rookie
27,1.1298351997652707,53,13.9,0.1339622641509434,0.02830188679245283,0.024528301886792454,0.011320754716981131,0.0037735849056603774,0.1079136690647482,0.09352517985611511,0.043165467625899276,0.014388489208633094,0.461,0.356,0.917,22.1,-2.6,-0.1,1.4444444444444444,0.8,0,SG,Prime
22,15.500464570394637,80,29.8,0.1525,0.057499999999999996,0.015,0.01,0.00625,0.15436241610738252,0.040268456375838924,0.026845637583892617,0.016778523489932886,0.453,0.411,0.765,15.8,-0.6,0.8,1.4999999999999998,1.3,0,SF,Rookie
30,16.50745757738765,61,32.6,0.3409836065573771,0.06557377049180328,0.07213114754098361,0.00819672131147541,0.003278688524590164,0.12269938650306748,0.13496932515337423,0.015337423312883436,0.006134969325153374,0.444,0.338,0.816,27.8,-1.4,0.3,1.4666666666666668,0.7,0,SG,Veteran
19,48.122842192772254,37,18.1,0.13513513513513514,0.05945945945945946,0.07297297297297298,0.018918918918918916,0.002702702702702703,0.12154696132596685,0.14917127071823205,0.03867403314917126,0.0055248618784530384,0.321,0.385,0.591,18.5,-9.6,-1.3,1.5,0.7999999999999999,0,SG,Rookie
20,35.24871631864638,15,6.4,0.20666666666666667,0.11333333333333333,0.02,0.02,0.02666666666666667,0.265625,0.04687499999999999,0.04687499999999999,0.0625,0.5,0.333,1.0,18.9,-1.6,0.0,1.4999999999999998,0.7,0,SF,Rookie
28,4.255709325639398,61,32.1,0.1885245901639344,0.05081967213114754,0.10327868852459016,0.02459016393442623,0.006557377049180328,0.09657320872274143,0.19626168224299065,0.04672897196261682,0.012461059190031152,0.415,0.336,0.746,17.8,-1.0,0.5,2.739130434782609,1.9,0,PG,Prime
20,35.24871631864638,74,31.1,0.22027027027027027,0.0527027027027027,0.07027027027027027,0.010810810810810811,0.002702702702702703,0.12540192926045016,0.16720257234726688,0.02572347266881029,0.006430868167202572,0.416,0.343,0.747,25.4,-3.3,-0.7,1.625,1.0,0,SG,Rookie
31,25.633331703261778,4,11.0,1.075,0.325,0.45,0.075,0.075,0.11818181818181818,0.16363636363636364,0.02727272727272727,0.02727272727272727,0.429,0.333,0.571,20.6,-6.3,0.0,1.8,0.6,0,PG,Veteran
21,24.37459044452051,70,14.9,0.08,0.05714285714285714,0.017142857142857144,0.007142857142857143,0.007142857142857143,0.2684563758389262,0.08053691275167785,0.03355704697986577,0.03355704697986577,0.491,0.288,0.628,16.0,0.3,0.6,2.0,1.0,0,SF,Rookie
21,24.37459044452051,82,21.5,0.11341463414634147,0.07317073170731707,0.013414634146341465,0.014634146341463414,0.007317073170731707,0.27906976744186046,0.051162790697674425,0.05581395348837209,0.027906976744186046,0.448,0.343,0.752,19.3,-1.7,0.1,0.9166666666666667,1.7999999999999998,0,PF,Rookie
24,3.7522128221428903,62,17.8,0.1064516129032258,0.0532258064516129,0.043548387096774194,0.014516129032258065,0.0064516129032258064,0.18539325842696627,0.15168539325842698,0.05056179775280899,0.02247191011235955,0.448,0.322,0.768,17.3,0.7,0.8,3.0,1.3,0,PG,Prime
29,9.381583451513524,78,19.4,0.10512820512820512,0.030769230769230767,0.01282051282051282,0.005128205128205128,0.002564102564102564,0.12371134020618557,0.051546391752577324,0.02061855670103093,0.010309278350515465,0.442,0.401,0.867,17.0,-1.4,0.2,1.4285714285714286,0.6000000000000001,0,PF,Veteran
32,36.7592058291359,50,31.5,0.294,0.086,0.08199999999999999,0.016,0.004,0.1365079365079365,0.13015873015873014,0.025396825396825397,0.006349206349206349,0.475,0.325,0.811,20.0,-1.4,0.2,2.05,1.0,0,SF,Veteran
24,3.7522128221428903,72,18.8,0.10138888888888889,0.04861111111111111,0.020833333333333332,0.011111111111111112,0.006944444444444444,0.18617021276595744,0.07978723404255318,0.0425531914893617,0.026595744680851064,0.391,0.335,0.724,17.7,-0.2,0.6,1.6666666666666665,1.3,0,SG,Prime
27,1.1298351997652707,62,27.3,0.16612903225806452,0.054838709677419356,0.08548387096774193,0.01129032258064516,0.0032258064516129032,0.12454212454212453,0.19413919413919412,0.02564102564102564,0.007326007326007326,0.48,0.382,0.831,15.6,0.5,1.1,5.3,0.8999999999999999,0,PG,Prime
21,24.37459044452051,48,11.5,0.09791666666666667,0.08750000000000001,0.016666666666666666,0.0062499999999999995,0.014583333333333332,0.3652173913043478,0.06956521739130435,0.02608695652173913,0.0608695652173913,0.544,0.545,0.636,19.0,-2.3,0.0,0.888888888888889,1.0,0,C,Rookie
24,3.7522128221428903,82,19.8,0.06097560975609756,0.07926829268292683,0.014634146341463414,0.007317073170731707,0.00975609756097561,0.3282828282828283,0.0606060606060606,0.0303030303030303,0.04040404040404041,0.535,0.216,0.676,11.2,-0.3,0.7,1.4999999999999998,1.4,0,C,Prime
23,8.626338696268764,78,24.1,0.10128205128205128,0.09615384615384616,0.030769230769230767,0.014102564102564105,0.003846153846153846,0.3112033195020747,0.0995850622406639,0.04564315352697096,0.012448132780082987,0.548,0.322,0.691,13.6,1.1,1.5,2.0,1.4000000000000001,0,PF,Prime
36,101.26270233263241,63,30.5,0.15555555555555556,0.09841269841269841,0.047619047619047616,0.007936507936507936,0.015873015873015872,0.20327868852459016,0.09836065573770492,0.01639344262295082,0.03278688524590164,0.476,0.446,0.714,11.9,3.3,2.5,5.0,1.5,0,C,Veteran
29,9.381583451513524,42,8.3,0.07380952380952381,0.04523809523809524,0.004761904761904762,0.002380952380952381,0.007142857142857143,0.22891566265060237,0.024096385542168672,0.012048192771084336,0.03614457831325301,0.618,0.625,0.789,13.7,-2.9,-0.1,0.6666666666666667,0.4,0,C,Veteran
27,1.1298351997652707,68,30.2,0.23970588235294119,0.09705882352941175,0.04411764705882353,0.011764705882352941,0.011764705882352941,0.2185430463576159,0.09933774834437087,0.026490066225165566,0.026490066225165566,0.564,0.347,0.608,21.1,2.1,2.1,2.142857142857143,1.6,0,PF,Prime
19,48.122842192772254,28,14.6,0.1392857142857143,0.1285714285714286,0.03214285714285715,0.014285714285714287,0.024999999999999998,0.24657534246575344,0.06164383561643836,0.027397260273972605,0.04794520547945205,0.535,0.0,0.72,11.3,-4.6,-0.3,1.8,1.1,0,PF,Rookie
28,4.255709325639398,63,32.1,0.4936507936507937,0.1873015873015873,0.09047619047619047,0.012698412698412698,0.012698412698412698,0.367601246105919,0.17757009345794392,0.024922118380062305,0.024922118380062305,0.553,0.275,0.645,38.8,8.5,5.4,1.4615384615384617,1.6,0,PF,Prime
25,0.8780869480170171,7,10.0,0.42857142857142855,0.34285714285714286,0.1285714285714286,0.04285714285714286,0.09999999999999999,0.24,0.09,0.03,0.06999999999999999,0.241,0.133,1.0,22.9,-7.2,-0.1,0.9,1.0,0,SG,Prime
25,0.8780869480170171,67,35.6,0.25074626865671645,0.07462686567164178,0.029850746268656716,0.02835820895522388,0.01044776119402985,0.14044943820224717,0.056179775280898875,0.05337078651685393,0.019662921348314606,0.476,0.387,0.838,19.5,0.4,1.5,1.0,2.5999999999999996,0,SF,Prime
26,0.003961073891143875,82,23.9,0.08536585365853659,0.11341463414634147,0.03048780487804878,0.007317073170731707,0.007317073170731707,0.38912133891213396,0.10460251046025106,0.02510460251046025,0.02510460251046025,0.63,0.0,0.606,10.6,2.1,2.0,5.0,1.2,0,C,Prime
22,15.500464570394637,59,20.5,0.13389830508474576,0.03559322033898305,0.01864406779661017,0.005084745762711864,0.005084745762711864,0.10243902439024391,0.05365853658536586,0.014634146341463414,0.014634146341463414,0.427,0.355,0.812,15.8,-3.0,-0.3,1.5714285714285716,0.6,0,SG,Rookie
34,65.01095408088416,54,14.7,0.08148148148148149,0.05740740740740741,0.025925925925925925,0.018518518518518517,0.001851851851851852,0.2108843537414966,0.09523809523809523,0.06802721088435375,0.006802721088435375,0.545,0.176,0.692,13.5,0.1,0.4,1.7499999999999998,1.1,0,PF,Veteran
23,8.626338696268764,18,13.3,0.30000000000000004,0.1611111111111111,0.03888888888888889,0.03333333333333333,0.005555555555555556,0.21804511278195488,0.05263157894736842,0.045112781954887216,0.007518796992481203,0.561,0.35,0.773,15.1,0.8,0.2,2.3333333333333335,0.7,0,PF,Prime
25,0.8780869480170171,7,8.0,0.41428571428571426,0.09999999999999999,0.1285714285714286,0.04285714285714286,0.0,0.0875,0.1125,0.0375,0.0,0.4,0.5,0.625,16.2,-2.5,0.0,3.0,0.3,0,PG,Prime
27,1.1298351997652707,5,1.8,0.2,0.12,0.0,0.0,0.0,0.3333333333333333,0.0,0.0,0.0,0.5,0.333,0.773,19.7,2.4,0.0,1.7142857142857144,0.0,0,SF,Prime
30,16.50745757738765,82,32.5,0.18292682926829268,0.054878048780487805,0.01951219512195122,0.008536585365853657,0.0012195121951219512,0.13846153846153847,0.04923076923076923,0.021538461538461538,0.003076923076923077,0.473,0.374,0.847,17.1,-1.0,0.7,1.6,0.7999999999999999,0,PF,Veteran
21,24.37459044452051,82,28.3,0.12439024390243901,0.04878048780487805,0.014634146341463414,0.010975609756097562,0.010975609756097562,0.1413427561837456,0.04240282685512367,0.03180212014134275,0.03180212014134275,0.464,0.415,0.857,15.7,-1.3,0.4,1.0,1.8,0,PF,Rookie
20,35.24871631864638,12,5.5,0.13333333333333333,0.06666666666666667,0.075,0.016666666666666666,0.016666666666666666,0.14545454545454548,0.16363636363636364,0.03636363636363637,0.03636363636363637,0.421,0.286,0.5,15.8,-4.2,0.0,3.0,0.4,0,SG,Rookie
23,8.626338696268764,70,21.5,0.13,0.08285714285714285,0.014285714285714285,0.005714285714285714,0.017142857142857144,0.2697674418604651,0.046511627906976744,0.018604651162790697,0.05581395348837209,0.546,0.265,0.759,18.2,-0.9,0.4,0.625,1.6,0,PF,Prime
20,35.24871631864638,19,11.6,0.12631578947368421,0.04736842105263158,0.031578947368421054,0.021052631578947368,0.02631578947368421,0.07758620689655173,0.05172413793103448,0.034482758620689655,0.04310344827586207,0.321,0.229,0.75,11.0,-6.2,-0.2,5.999999999999999,0.9,0,C,Rookie
23,8.626338696268764,14,8.9,0.20714285714285713,0.1142857142857143,0.1357142857142857,0.0071428571428571435,0.0,0.1797752808988764,0.21348314606741572,0.011235955056179775,0.0,0.439,0.278,0.0,18.3,-2.6,0.0,2.7142857142857144,0.1,0,PG,Prime
33,49.88507995501003,41,13.9,0.09999999999999999,0.09268292682926829,0.036585365853658534,0.007317073170731707,0.004878048780487805,0.27338129496402874,0.1079136690647482,0.021582733812949638,0.014388489208633094,0.485,0.348,0.656,12.7,0.1,0.3,3.0,0.5,0,C,Veteran
26,0.003961073891143875,22,8.0,0.11818181818181818,0.06363636363636363,0.018181818181818184,0.009090909090909092,0.018181818181818184,0.175,0.05,0.025,0.05,0.48,0.333,1.0,16.0,-3.4,-0.1,0.8,0.6000000000000001,0,C,Prime
23,8.626338696268764,43,15.3,0.14186046511627906,0.09999999999999999,0.03255813953488372,0.0069767441860465115,0.0069767441860465115,0.28104575163398693,0.0915032679738562,0.0196078431372549,0.0196078431372549,0.422,0.303,0.684,18.2,-2.4,-0.1,1.7499999999999998,0.6,0,C,Prime
25,0.8780869480170171,68,15.1,0.08088235294117647,0.061764705882352944,0.007352941176470588,0.0058823529411764705,0.007352941176470588,0.27814569536423844,0.033112582781456956,0.026490066225165566,0.033112582781456956,0.596,0.278,0.619,14.1,-2.2,-0.1,0.7142857142857143,0.9,0,C,Prime
26,0.003961073891143875,29,26.8,0.23448275862068965,0.1724137931034483,0.11724137931034483,0.034482758620689655,0.013793103448275864,0.18656716417910446,0.12686567164179105,0.03731343283582089,0.014925373134328358,0.409,0.311,0.714,14.2,-2.8,-0.2,2.2666666666666666,1.4,0,PF,Prime
27,1.1298351997652707,23,7.4,0.04782608695652174,0.09130434782608696,0.013043478260869565,0.004347826086956522,0.013043478260869565,0.28378378378378377,0.040540540540540536,0.013513513513513514,0.040540540540540536,0.458,0.25,1.0,9.2,-6.3,-0.2,0.6,0.4,0,C,Prime
26,0.003961073891143875,80,24.3,0.12875,0.03125,0.065,0.0125,0.00125,0.102880658436214,0.2139917695473251,0.0411522633744856,0.00411522633744856,0.438,0.371,0.8,17.7,1.6,1.7,5.777777777777778,1.1,0,PG,Prime
23,8.626338696268764,69,10.9,0.06086956521739131,0.05507246376811594,0.005797101449275362,0.010144927536231883,0.010144927536231883,0.34862385321100914,0.03669724770642202,0.06422018348623852,0.06422018348623852,0.593,0.167,0.745,16.4,-0.1,0.4,0.5714285714285715,1.4,0,C,Prime
25,0.8780869480170171,80,16.1,0.08,0.0325,0.01125,0.005,0.00375,0.16149068322981366,0.05590062111801242,0.024844720496894408,0.018633540372670804,0.455,0.418,0.706,14.7,1.0,1.0,2.25,0.7,0,SF,Prime
26,0.003961073891143875,76,20.6,0.1105263157894737,0.03289473684210526,0.042105263157894736,0.003947368421052632,0.002631578947368421,0.12135922330097086,0.1553398058252427,0.014563106796116504,0.009708737864077669,0.479,0.378,0.853,18.5,-2.0,0.0,2.666666666666667,0.5,0,SG,Prime
30,16.50745757738765,60,37.4,0.4516666666666667,0.08499999999999999,0.09166666666666666,0.018333333333333333,0.013333333333333334,0.13636363636363635,0.14705882352941177,0.029411764705882356,0.021390374331550804,0.494,0.379,0.905,28.9,4.1,3.5,2.619047619047619,1.9000000000000001,0,PG,Veteran
23,8.626338696268764,75,27.6,0.12666666666666668,0.036000000000000004,0.06,0.012,0.002666666666666667,0.09782608695652174,0.16304347826086957,0.03260869565217391,0.007246376811594203,0.441,0.35,0.79,16.1,-3.2,-0.6,2.6470588235294117,1.1,0,SG,Prime
28,4.255709325639398,82,28.3,0.15121951219512195,0.04390243902439025,0.0475609756097561,0.008536585365853657,0.010975609756097562,0.127208480565371,0.13780918727915192,0.024734982332155476,0.03180212014134275,0.462,0.381,0.875,17.7,2.4,2.6,3.25,1.6,0,SG,Prime
33,49.88507995501003,64,33.4,0.3578125,0.0921875,0.0828125,0.028125,0.0046875,0.17664670658682635,0.15868263473053892,0.05389221556886228,0.008982035928143712,0.539,0.35,0.85,25.6,8.7,5.8,3.3124999999999996,2.1,0,PF,Veteran
26,0.003961073891143875,54,17.9,0.08148148148148149,0.06481481481481481,0.014814814814814815,0.012962962962962963,0.005555555555555556,0.19553072625698326,0.044692737430167606,0.03910614525139665,0.01675977653631285,0.431,0.339,0.464,12.5,-3.1,-0.3,1.0,1.0,0,PF,Prime
21,24.37459044452051,80,32.6,0.2325,0.05125,0.04375,0.0125,0.0025,0.12576687116564417,0.10736196319018404,0.03067484662576687,0.006134969325153374,0.485,0.361,0.842,23.5,-0.1,1.3,1.6666666666666665,1.2,0,SF,Rookie
26,0.003961073891143875,81,23.1,0.10864197530864199,0.04197530864197531,0.02839506172839506,0.006172839506172839,0.0037037037037037034,0.14718614718614717,0.09956709956709955,0.021645021645021644,0.012987012987012986,0.519,0.389,0.78,15.3,-0.2,0.8,2.3,0.8,0,SG,Prime
20,35.24871631864638,78,28.5,0.2141025641025641,0.05256410256410256,0.019230769230769232,0.007692307692307692,0.002564102564102564,0.143859649122807,0.05263157894736842,0.021052631578947368,0.007017543859649123,0.434,0.323,0.828,24.6,-3.7,-1.0,0.7894736842105263,0.8,0,SG,Rookie
29,9.381583451513524,52,13.5,0.057692307692307696,0.04615384615384615,0.025,0.005769230769230769,0.0038461538461538464,0.17777777777777778,0.0962962962962963,0.022222222222222223,0.014814814814814815,0.448,0.186,0.792,11.3,-3.8,-0.3,1.8571428571428574,0.5,0,SF,Veteran
22,15.500464570394637,46,12.0,0.07391304347826087,0.058695652173913045,0.006521739130434782,0.008695652173913044,0.015217391304347825,0.225,0.024999999999999998,0.03333333333333333,0.05833333333333333,0.558,0.211,0.731,12.4,-4.0,-0.3,0.4285714285714286,1.1,0,C,Rookie
28,4.255709325639398,22,25.8,0.6,0.20454545454545456,0.2545454545454545,0.05,0.022727272727272728,0.1744186046511628,0.21705426356589144,0.04263565891472868,0.01937984496124031,0.537,0.472,0.774,20.2,2.4,0.6,3.4999999999999996,1.6,0,PG,Prime
26,0.003961073891143875,72,26.3,0.13055555555555556,0.0625,0.04861111111111111,0.018055555555555557,0.001388888888888889,0.17110266159695817,0.13307984790874525,0.049429657794676805,0.0038022813688212928,0.435,0.397,0.817,15.1,0.7,1.3,2.1875,1.4000000000000001,0,SG,Prime
23,8.626338696268764,25,14.9,0.24,0.07200000000000001,0.10800000000000001,0.032,0.0,0.12080536912751678,0.18120805369127518,0.053691275167785234,0.0,0.405,0.367,0.737,19.5,-1.8,0.0,2.7,0.8,0,PG,Prime
23,8.626338696268764,68,18.4,0.16911764705882354,0.07205882352941177,0.016176470588235296,0.008823529411764706,0.011764705882352941,0.266304347826087,0.05978260869565218,0.03260869565217391,0.04347826086956522,0.537,0.346,0.677,24.8,1.0,1.0,0.7857142857142858,1.4,0,C,Prime
27,1.1298351997652707,69,11.7,0.05507246376811594,0.042028985507246375,0.011594202898550725,0.002898550724637681,0.010144927536231883,0.24786324786324787,0.06837606837606838,0.017094017094017096,0.05982905982905983,0.665,0.231,0.821,11.5,1.0,0.6,2.0,0.8999999999999999,0,C,Prime
23,8.626338696268764,81,28.9,0.18395061728395062,0.05185185185185186,0.04197530864197531,0.012345679012345678,0.0024691358024691358,0.1453287197231834,0.11764705882352941,0.03460207612456748,0.006920415224913496,0.448,0.37,0.819,20.9,1.7,2.1,2.8333333333333335,1.2,0,SG,Prime
29,9.381583451513524,67,12.7,0.08955223880597014,0.09850746268656715,0.007462686567164179,0.01044776119402985,0.005970149253731343,0.5196850393700787,0.03937007874015748,0.05511811023622047,0.03149606299212599,0.606,0.0,0.536,21.0,-0.8,0.3,0.45454545454545453,1.1,0,C,Veteran
32,36.7592058291359,67,32.6,0.28805970149253735,0.07611940298507462,0.11044776119402985,0.01791044776119403,0.005970149253731343,0.15644171779141103,0.22699386503067484,0.03680981595092024,0.012269938650306749,0.479,0.384,0.859,25.0,3.1,2.8,2.5517241379310347,1.6,0,PG,Veteran
30,16.50745757738765,74,20.4,0.1108108108108108,0.04054054054054054,0.01756756756756757,0.005405405405405406,0.0013513513513513514,0.14705882352941177,0.06372549019607844,0.019607843137254905,0.004901960784313726,0.442,0.445,0.904,16.3,-1.7,0.1,1.1818181818181817,0.5,0,SG,Veteran
31,25.633331703261778,63,15.0,0.09682539682539681,0.050793650793650794,0.012698412698412698,0.0031746031746031746,0.006349206349206349,0.21333333333333335,0.05333333333333334,0.013333333333333334,0.02666666666666667,0.449,0.391,0.769,15.1,-0.4,0.4,2.0,0.6000000000000001,0,C,Veteran
24,3.7522128221428903,52,23.1,0.12884615384615386,0.05384615384615384,0.015384615384615385,0.009615384615384616,0.009615384615384616,0.1212121212121212,0.03463203463203463,0.021645021645021644,0.021645021645021644,0.417,0.365,0.821,11.9,-2.4,-0.1,1.3333333333333335,1.0,0,PF,Prime
25,0.8780869480170171,80,23.9,0.11750000000000001,0.05375,0.02,0.0125,0.005,0.1799163179916318,0.06694560669456068,0.041841004184100423,0.01673640167364017,0.455,0.332,0.841,17.2,-2.1,-0.1,1.3333333333333335,1.4,0,SF,Prime
23,8.626338696268764,12,7.0,0.21666666666666667,0.14166666666666666,0.024999999999999998,0.024999999999999998,0.024999999999999998,0.24285714285714285,0.04285714285714286,0.04285714285714286,0.04285714285714286,0.429,0.375,1.0,16.4,-1.4,0.0,2.9999999999999996,0.6,0,PF,Prime
29,9.381583451513524,66,30.4,0.12575757575757576,0.07272727272727272,0.022727272727272728,0.012121212121212121,0.007575757575757576,0.15789473684210525,0.049342105263157895,0.026315789473684213,0.01644736842105263,0.391,0.337,0.763,13.2,-2.0,0.0,1.6666666666666665,1.3,0,PF,Veteran
30,16.50745757738765,7,15.6,1.0,0.4428571428571429,0.18571428571428572,0.04285714285714286,0.1285714285714286,0.19871794871794873,0.08333333333333334,0.019230769230769232,0.057692307692307696,0.477,0.182,0.417,20.1,-1.4,0.0,3.25,1.2,0,C,Veteran
27,1.1298351997652707,77,35.9,0.3220779220779221,0.05844155844155844,0.05454545454545455,0.011688311688311689,0.0025974025974025974,0.12534818941504178,0.11699164345403901,0.02506963788300836,0.0055710306406685246,0.485,0.375,0.848,28.3,1.9,2.7,1.6800000000000002,1.1,0,SG,Prime
22,15.500464570394637,56,19.4,0.21071428571428572,0.04285714285714286,0.05535714285714286,0.012499999999999999,0.005357142857142857,0.12371134020618557,0.1597938144329897,0.03608247422680413,0.015463917525773196,0.399,0.371,0.843,28.0,-0.8,0.3,2.066666666666667,1.0,0,PG,Rookie
20,35.24871631864638,23,8.1,0.14347826086956522,0.06956521739130435,0.021739130434782608,0.004347826086956522,0.021739130434782608,0.19753086419753088,0.0617283950617284,0.01234567901234568,0.0617283950617284,0.492,0.429,0.55,17.7,-2.8,0.0,1.6666666666666667,0.6,0,SG,Rookie
24,3.7522128221428903,59,15.0,0.10508474576271187,0.0288135593220339,0.030508474576271188,0.00847457627118644,0.006779661016949153,0.11333333333333333,0.12000000000000001,0.03333333333333333,0.02666666666666667,0.444,0.384,0.667,17.9,-0.9,0.2,2.0,0.9,0,SG,Prime
25,0.8780869480170171,57,19.5,0.18421052631578946,0.07894736842105263,0.02631578947368421,0.010526315789473684,0.0035087719298245615,0.23076923076923078,0.07692307692307693,0.030769230769230767,0.010256410256410256,0.5,0.313,0.841,21.1,0.6,0.7,1.25,0.8,0,C,Prime
21,24.37459044452051,17,18.8,0.5705882352941176,0.20588235294117646,0.03529411764705882,0.023529411764705882,0.01764705882352941,0.18617021276595744,0.031914893617021274,0.02127659574468085,0.015957446808510637,0.454,0.402,0.824,19.2,-3.3,-0.1,1.0,0.7,0,SF,Rookie
22,15.500464570394637,76,26.6,0.12105263157894736,0.08421052631578947,0.03684210526315789,0.011842105263157895,0.005263157894736842,0.24060150375939848,0.10526315789473684,0.03383458646616541,0.015037593984962405,0.437,0.297,0.739,16.7,-2.3,-0.1,1.7499999999999998,1.3,0,SF,Rookie
23,8.626338696268764,67,34.9,0.30000000000000004,0.08059701492537313,0.06268656716417911,0.011940298507462687,0.0029850746268656717,0.1547277936962751,0.12034383954154729,0.022922636103151865,0.005730659025787966,0.439,0.378,0.934,25.6,0.6,1.6,1.7500000000000002,1.0,0,SG,Prime
37,122.38857645850653,59,32.0,0.23559322033898306,0.07288135593220339,0.15084745762711865,0.025423728813559324,0.006779661016949153,0.134375,0.278125,0.046875,0.0125,0.44,0.375,0.831,19.2,3.2,2.5,4.68421052631579,1.9,0,PG,Veteran
34,65.01095408088416,27,12.5,0.2074074074074074,0.05555555555555555,0.06296296296296296,0.011111111111111112,0.007407407407407408,0.12,0.136,0.024,0.016,0.384,0.302,0.917,23.6,-3.7,-0.1,2.125,0.5,0,PG,Veteran
24,3.7522128221428903,23,12.0,0.09999999999999999,0.06956521739130435,0.07391304347826087,0.013043478260869565,0.004347826086956522,0.13333333333333333,0.14166666666666666,0.024999999999999998,0.008333333333333333,0.417,0.0,0.667,11.6,-5.1,-0.2,2.428571428571429,0.4,0,SG,Prime
21,24.37459044452051,35,11.8,0.08571428571428572,0.05142857142857143,0.017142857142857144,0.008571428571428572,0.002857142857142857,0.15254237288135591,0.05084745762711864,0.02542372881355932,0.00847457627118644,0.389,0.338,0.778,11.7,-3.5,-0.2,1.2,0.4,0,PF,Rookie
29,9.381583451513524,69,28.4,0.13623188405797101,0.07681159420289854,0.07101449275362319,0.01594202898550725,0.013043478260869566,0.18661971830985916,0.17253521126760565,0.03873239436619719,0.03169014084507042,0.509,0.41,0.735,14.4,2.5,2.2,3.266666666666667,2.0,0,PF,Veteran
25,0.8780869480170171,40,16.1,0.175,0.06999999999999999,0.017499999999999998,0.017499999999999998,0.0025,0.17391304347826084,0.04347826086956521,0.04347826086956521,0.006211180124223602,0.443,0.281,0.68,19.3,-4.4,-0.4,0.7777777777777777,0.7999999999999999,0,SF,Prime
24,3.7522128221428903,42,11.3,0.0976190476190476,0.05952380952380952,0.02142857142857143,0.009523809523809525,0.004761904761904762,0.22123893805309733,0.07964601769911504,0.035398230088495575,0.017699115044247787,0.432,0.3,0.488,17.8,-4.6,-0.3,1.2857142857142858,0.6000000000000001,0,PF,Prime
24,3.7522128221428903,74,36.9,0.40675675675675677,0.11891891891891893,0.06216216216216216,0.014864864864864866,0.009459459459459458,0.23848238482384826,0.12466124661246612,0.029810298102981032,0.018970189701897018,0.466,0.35,0.854,32.7,5.5,5.1,1.586206896551724,1.8,0,SF,Prime
26,0.003961073891143875,63,13.4,0.0619047619047619,0.019047619047619046,0.02222222222222222,0.009523809523809523,0.0031746031746031746,0.08955223880597014,0.1044776119402985,0.04477611940298507,0.014925373134328358,0.418,0.409,0.844,13.4,-2.0,0.0,2.3333333333333335,0.8,0,PG,Prime
28,4.255709325639398,66,34.6,0.5015151515151516,0.15454545454545454,0.06363636363636364,0.015151515151515152,0.025757575757575757,0.29479768786127164,0.12138728323699421,0.028901734104046242,0.04913294797687861,0.548,0.33,0.857,37.0,9.2,6.4,1.2352941176470589,2.7,0,C,Prime
22,15.500464570394637,29,33.0,0.896551724137931,0.2413793103448276,0.1586206896551724,0.03793103448275863,0.020689655172413793,0.21212121212121213,0.13939393939393938,0.03333333333333333,0.01818181818181818,0.608,0.368,0.714,30.4,5.8,1.9,1.352941176470588,1.7000000000000002,0,PF,Rookie
28,4.255709325639398,58,16.0,0.09655172413793103,0.041379310344827586,0.013793103448275864,0.006896551724137932,0.005172413793103448,0.15,0.05,0.025,0.01875,0.491,0.444,0.723,13.1,-0.6,0.3,2.0,0.7,0,SF,Prime
26,0.003961073891143875,53,34.6,0.5245283018867924,0.08490566037735849,0.10377358490566038,0.018867924528301886,0.005660377358490566,0.13005780346820808,0.15895953757225434,0.028901734104046242,0.008670520231213872,0.494,0.351,0.855,31.8,4.2,2.9,2.0370370370370368,1.3,0,SG,Prime
21,24.37459044452051,36,35.2,0.6472222222222223,0.17777777777777778,0.23333333333333334,0.036111111111111115,0.008333333333333333,0.18181818181818182,0.23863636363636362,0.03693181818181818,0.008522727272727272,0.411,0.376,0.836,30.0,2.4,1.4,2.3333333333333335,1.6,0,PG,Rookie
25,0.8780869480170171,73,33.4,0.3424657534246575,0.057534246575342465,0.08356164383561643,0.015068493150684932,0.00410958904109589,0.125748502994012,0.18263473053892215,0.03293413173652695,0.008982035928143712,0.512,0.324,0.78,30.1,2.5,2.7,2.44,1.4000000000000001,0,PG,Prime
31,25.633331703261778,78,30.3,0.09230769230769231,0.046153846153846156,0.017948717948717947,0.008974358974358974,0.002564102564102564,0.1188118811881188,0.0462046204620462,0.0231023102310231,0.006600660066006601,0.409,0.38,0.703,10.0,-2.6,-0.4,2.8,0.8999999999999999,0,SF,Veteran
21,24.37459044452051,53,23.5,0.1867924528301887,0.05660377358490566,0.05471698113207547,0.024528301886792454,0.009433962264150943,0.1276595744680851,0.12340425531914893,0.055319148936170216,0.02127659574468085,0.419,0.327,0.723,20.3,-1.0,0.3,1.611111111111111,1.8,0,SG,Rookie
27,1.1298351997652707,67,25.9,0.24776119402985078,0.10895522388059702,0.026865671641791045,0.005970149253731343,0.016417910447761197,0.28185328185328185,0.0694980694980695,0.015444015444015446,0.042471042471042476,0.515,0.376,0.772,26.4,1.7,1.6,1.0,1.5,0,C,Prime
26,0.003961073891143875,71,32.5,0.2507042253521127,0.04225352112676056,0.08732394366197184,0.014084507042253521,0.005633802816901409,0.09230769230769231,0.19076923076923077,0.03076923076923077,0.012307692307692308,0.469,0.396,0.829,22.7,1.5,2.0,2.3846153846153846,1.4,0,PG,Prime
25,0.8780869480170171,75,34.6,0.27199999999999996,0.12266666666666666,0.04266666666666667,0.016,0.010666666666666668,0.2658959537572254,0.09248554913294797,0.03468208092485549,0.023121387283236993,0.54,0.083,0.806,25.2,1.5,2.3,1.28,2.0,0,C,Prime
26,0.003961073891143875,43,15.8,0.08604651162790698,0.03255813953488372,0.07906976744186046,0.01627906976744186,0.002325581395348837,0.08860759493670885,0.2151898734177215,0.044303797468354424,0.006329113924050633,0.421,0.308,0.833,11.7,-0.7,0.2,4.25,0.7999999999999999,0,PG,Prime
32,36.7592058291359,69,33.0,0.3173913043478261,0.05942028985507246,0.034782608695652174,0.010144927536231883,0.005797101449275362,0.12424242424242424,0.07272727272727272,0.02121212121212121,0.012121212121212121,0.436,0.412,0.879,26.4,-0.3,1.0,1.3333333333333333,1.1,0,SF,Veteran
29,9.381583451513524,42,27.0,0.20476190476190476,0.27380952380952384,0.054761904761904755,0.02142857142857143,0.02619047619047619,0.42592592592592593,0.08518518518518518,0.03333333333333333,0.040740740740740744,0.597,0.0,0.364,14.6,0.6,0.7,1.2105263157894737,2.0,0,C,Veteran
32,36.7592058291359,33,17.2,0.1575757575757576,0.06363636363636364,0.10606060606060606,0.024242424242424242,0.006060606060606061,0.12209302325581396,0.20348837209302326,0.04651162790697675,0.011627906976744188,0.343,0.256,0.8,17.7,-2.8,-0.1,3.888888888888889,1.0,0,PG,Veteran
39,170.6403247102548,8,14.1,0.2625,0.2625,0.3,0.0625,0.05,0.14893617021276598,0.1702127659574468,0.03546099290780142,0.028368794326241138,0.467,0.111,0.667,9.4,-2.5,0.0,2.1818181818181817,0.9,0,PF,Veteran
27,1.1298351997652707,37,32.2,0.4621621621621622,0.13513513513513514,0.06216216216216216,0.032432432432432434,0.021621621621621623,0.15527950310559005,0.07142857142857141,0.03726708074534161,0.024844720496894408,0.473,0.396,0.611,21.5,-0.5,0.5,1.769230769230769,2.0,0,SF,Prime
27,1.1298351997652707,23,4.7,0.0391304347826087,0.03043478260869565,0.017391304347826087,0.008695652173913044,0.008695652173913044,0.14893617021276595,0.0851063829787234,0.0425531914893617,0.0425531914893617,0.259,0.25,0.5,12.2,-2.6,0.0,4.0,0.4,0,SF,Prime
25,0.8780869480170171,65,32.8,0.3076923076923077,0.06153846153846154,0.09538461538461539,0.015384615384615385,0.003076923076923077,0.12195121951219513,0.18902439024390247,0.030487804878048783,0.006097560975609757,0.454,0.398,0.833,26.1,1.3,1.8,2.818181818181818,1.2,0,PG,Prime
23,8.626338696268764,10,9.0,0.16,0.06,0.04,0.02,0.0,0.06666666666666667,0.044444444444444446,0.022222222222222223,0.0,0.185,0.16,1.0,13.2,-9.5,-0.2,1.7142857142857144,0.2,0,SF,Prime
23,8.626338696268764,16,4.4,0.09375,0.03125,0.025,0.01875,0.00625,0.11363636363636363,0.09090909090909091,0.06818181818181818,0.022727272727272728,0.438,0.5,0.571,12.1,1.3,0.1,4.0,0.4,0,SG,Prime
23,8.626338696268764,82,30.0,0.24878048780487802,0.032926829268292684,0.054878048780487805,0.00975609756097561,0.0036585365853658534,0.09000000000000001,0.15,0.02666666666666667,0.01,0.43,0.336,0.87,29.2,-1.9,0.1,1.4516129032258065,1.1,0,PG,Prime
21,24.37459044452051,79,36.0,0.31139240506329113,0.07341772151898734,0.055696202531645575,0.020253164556962026,0.008860759493670885,0.1611111111111111,0.12222222222222223,0.044444444444444446,0.019444444444444445,0.459,0.369,0.756,29.9,1.0,2.1,1.3333333333333335,2.3,0,SG,Rookie
23,8.626338696268764,61,31.9,0.42950819672131146,0.09672131147540984,0.13278688524590163,0.018032786885245903,0.0049180327868852455,0.18495297805642635,0.25391849529780564,0.03448275862068966,0.009404388714733543,0.466,0.307,0.748,34.9,5.7,3.8,2.3823529411764706,1.4000000000000001,0,PG,Prime
32,36.7592058291359,32,6.7,0.046875,0.0125,0.040625,0.00625,0.0,0.05970149253731343,0.19402985074626866,0.029850746268656716,0.0,0.34,0.333,0.571,12.7,-5.2,-0.2,4.333333333333334,0.2,0,PG,Veteran
33,49.88507995501003,16,11.6,0.25625,0.175,0.01875,0.00625,0.025,0.24137931034482757,0.02586206896551724,0.008620689655172414,0.034482758620689655,0.481,0.333,0.615,16.1,-4.5,-0.1,0.4285714285714286,0.5,0,C,Veteran
32,36.7592058291359,48,16.2,0.125,0.07291666666666667,0.024999999999999998,0.016666666666666666,0.014583333333333332,0.2160493827160494,0.07407407407407407,0.04938271604938272,0.043209876543209874,0.445,0.397,0.75,15.6,1.7,0.7,1.7142857142857144,1.5,0,PF,Veteran
29,9.381583451513524,50,33.5,0.46399999999999997,0.078,0.10800000000000001,0.018000000000000002,0.013999999999999999,0.11641791044776119,0.16119402985074627,0.026865671641791045,0.0208955223880597,0.506,0.365,0.842,29.2,1.8,1.6,1.8620689655172415,1.6,0,SG,Veteran
37,122.38857645850653,49,9.8,0.06938775510204082,0.03877551020408163,0.014285714285714285,0.006122448979591836,0.004081632653061225,0.19387755102040813,0.07142857142857142,0.03061224489795918,0.02040816326530612,0.52,0.333,0.714,15.3,-3.2,-0.1,1.4,0.5,0,C,Veteran
22,15.500464570394637,76,21.7,0.08421052631578947,0.03289473684210526,0.014473684210526317,0.009210526315789473,0.005263157894736842,0.1152073732718894,0.05069124423963134,0.03225806451612903,0.018433179723502304,0.494,0.363,0.757,11.9,-0.3,0.7,1.8333333333333335,1.1,0,SF,Rookie
25,0.8780869480170171,34,9.1,0.10588235294117647,0.023529411764705882,0.014705882352941176,0.0029411764705882353,0.0,0.08791208791208792,0.054945054945054944,0.01098901098901099,0.0,0.37,0.381,0.833,16.5,-3.4,-0.1,2.5,0.1,0,SF,Prime
22,15.500464570394637,58,13.8,0.05344827586206897,0.049999999999999996,0.008620689655172414,0.006896551724137932,0.017241379310344827,0.21014492753623187,0.036231884057971016,0.028985507246376812,0.07246376811594203,0.48,0.083,0.627,10.4,-3.5,-0.3,1.6666666666666667,1.4,0,C,Rookie
21,24.37459044452051,79,34.4,0.2050632911392405,0.11392405063291139,0.03544303797468354,0.010126582278481013,0.0189873417721519,0.2616279069767442,0.0813953488372093,0.023255813953488375,0.0436046511627907,0.554,0.216,0.674,20.2,1.7,2.5,1.5555555555555554,2.3,0,PF,Rookie
28,4.255709325639398,65,26.6,0.18461538461538463,0.16923076923076924,0.013846153846153847,0.010769230769230769,0.01846153846153846,0.41353383458646614,0.03383458646616541,0.02631578947368421,0.045112781954887216,0.653,0.0,0.603,15.7,2.2,1.8,1.125,1.9,0,C,Prime
26,0.003961073891143875,80,28.5,0.14375,0.05125,0.042499999999999996,0.013750000000000002,0.0075,0.143859649122807,0.11929824561403508,0.03859649122807018,0.021052631578947368,0.483,0.358,0.758,17.8,-0.5,0.9,2.2666666666666666,1.7000000000000002,0,SF,Prime
23,8.626338696268764,4,6.3,0.95,0.375,0.075,0.0,0.075,0.2380952380952381,0.047619047619047616,0.0,0.047619047619047616,0.417,0.3,1.0,21.4,3.5,0.0,1.7142857142857144,0.3,0,SF,Prime
20,35.24871631864638,16,5.6,0.1625,0.05625,0.03125,0.025,0.0125,0.16071428571428573,0.08928571428571429,0.07142857142857144,0.03571428571428572,0.486,0.4,0.75,20.8,0.3,0.1,2.5,0.6000000000000001,0,SG,Rookie
24,3.7522128221428903,70,18.5,0.09714285714285714,0.04285714285714286,0.015714285714285715,0.008571428571428572,0.002857142857142857,0.16216216216216217,0.05945945945945946,0.032432432432432434,0.010810810810810811,0.512,0.393,0.831,14.5,-2.1,0.0,1.375,0.8,0,SG,Prime
30,16.50745757738765,22,16.7,0.20909090909090908,0.1409090909090909,0.06363636363636363,0.045454545454545456,0.009090909090909092,0.18562874251497008,0.08383233532934131,0.059880239520958084,0.011976047904191617,0.594,0.5,0.857,10.3,0.3,0.2,2.0,1.2,0,SG,Veteran
26,0.003961073891143875,56,19.5,0.17857142857142858,0.09821428571428571,0.023214285714285715,0.010714285714285714,0.012499999999999999,0.28205128205128205,0.06666666666666667,0.030769230769230767,0.035897435897435895,0.656,0.167,0.723,17.7,2.5,1.3,1.3,1.2999999999999998,0,PF,Prime
30,16.50745757738765,76,20.0,0.1236842105263158,0.07236842105263158,0.005263157894736842,0.007894736842105263,0.010526315789473684,0.275,0.02,0.03,0.04,0.493,0.328,0.762,18.0,-0.1,0.7,0.8,1.4,0,PF,Veteran
22,15.500464570394637,43,14.3,0.12093023255813953,0.07441860465116279,0.020930232558139535,0.011627906976744186,0.018604651162790697,0.22377622377622378,0.06293706293706293,0.03496503496503496,0.055944055944055944,0.454,0.377,0.543,16.4,-1.0,0.2,1.5,1.3,0,C,Rookie
28,4.255709325639398,69,36.7,0.27971014492753626,0.05942028985507246,0.10434782608695653,0.026086956521739132,0.008695652173913044,0.11171662125340598,0.19618528610354222,0.049046321525885554,0.01634877384196185,0.393,0.342,0.898,23.2,2.5,2.9,3.6,2.4,0,PG,Prime
29,9.381583451513524,26,6.2,0.06538461538461539,0.08846153846153845,0.019230769230769232,0.007692307692307693,0.015384615384615385,0.3709677419354838,0.08064516129032258,0.03225806451612903,0.06451612903225806,0.533,0.0,0.688,14.1,-4.0,-0.1,0.8333333333333334,0.6000000000000001,0,C,Veteran
24,3.7522128221428903,67,30.4,0.26865671641791045,0.14925373134328357,0.025373134328358207,0.008955223880597015,0.011940298507462687,0.32894736842105265,0.05592105263157895,0.019736842105263157,0.026315789473684213,0.589,0.292,0.76,22.9,0.9,1.5,0.9444444444444444,1.4,0,C,Prime
26,0.003961073891143875,74,36.4,0.27702702702702703,0.07162162162162163,0.08243243243243242,0.02027027027027027,0.004054054054054054,0.14560439560439561,0.16758241758241757,0.04120879120879121,0.008241758241758242,0.464,0.344,0.832,24.4,1.0,2.1,2.7727272727272725,1.8,0,SG,Prime
30,16.50745757738765,27,17.0,0.22592592592592592,0.06666666666666667,0.04814814814814815,0.022222222222222223,0.003703703703703704,0.10588235294117647,0.07647058823529412,0.03529411764705882,0.0058823529411764705,0.337,0.307,0.857,18.4,-4.0,-0.2,1.625,0.7,0,SG,Veteran
22,15.500464570394637,73,33.9,0.2684931506849315,0.0684931506849315,0.03835616438356164,0.005479452054794521,0.0027397260273972603,0.14749262536873156,0.08259587020648967,0.011799410029498527,0.005899705014749263,0.434,0.31,0.74,26.2,-3.1,-0.7,1.2727272727272725,0.6000000000000001,0,SG,Rookie
36,101.26270233263241,55,31.2,0.20363636363636362,0.07454545454545454,0.09272727272727273,0.01818181818181818,0.007272727272727273,0.13141025641025642,0.16346153846153846,0.032051282051282055,0.012820512820512822,0.404,0.345,0.859,16.7,0.2,0.9,2.6842105263157894,1.4,0,PG,Veteran
22,15.500464570394637,60,25.7,0.15166666666666667,0.05,0.028333333333333332,0.011666666666666665,0.0016666666666666668,0.11673151750972763,0.06614785992217899,0.027237354085603113,0.003891050583657588,0.537,0.402,0.723,14.6,-2.4,-0.2,1.4166666666666667,0.7999999999999999,0,SG,Rookie
26,0.003961073891143875,30,15.6,0.19333333333333333,0.10666666666666667,0.07333333333333333,0.016666666666666666,0.006666666666666667,0.20512820512820515,0.14102564102564105,0.032051282051282055,0.012820512820512822,0.533,0.45,0.667,15.2,-1.0,0.1,2.0,0.7,0,SF,Prime
21,24.37459044452051,63,16.5,0.11428571428571428,0.07142857142857142,0.012698412698412698,0.007936507936507936,0.023809523809523808,0.2727272727272727,0.048484848484848485,0.030303030303030304,0.09090909090909091,0.563,0.143,0.651,17.4,-0.8,0.3,1.0,2.0,0,C,Rookie
30,16.50745757738765,74,32.9,0.19864864864864865,0.07702702702702703,0.033783783783783786,0.012162162162162163,0.006756756756756757,0.17325227963525838,0.07598784194528875,0.02735562310030395,0.015197568389057751,0.501,0.389,0.876,18.2,0.7,1.7,2.0833333333333335,1.4,0,SF,Veteran
29,9.381583451513524,25,10.7,0.14400000000000002,0.024,0.027999999999999997,0.012,0.004,0.056074766355140186,0.06542056074766354,0.028037383177570093,0.009345794392523366,0.361,0.304,1.0,16.2,-6.3,-0.3,1.4,0.4,0,SG,Veteran
27,1.1298351997652707,70,13.8,0.10142857142857142,0.022857142857142857,0.018571428571428572,0.005714285714285714,0.0014285714285714286,0.11594202898550725,0.09420289855072464,0.028985507246376812,0.007246376811594203,0.424,0.354,0.854,23.7,-3.5,-0.4,1.4444444444444444,0.5,0,SG,Prime
25,0.8780869480170171,37,12.2,0.11351351351351352,0.04594594594594594,0.021621621621621623,0.005405405405405406,0.002702702702702703,0.13934426229508198,0.06557377049180328,0.01639344262295082,0.00819672131147541,0.451,0.324,0.913,14.1,-2.9,-0.1,2.0,0.30000000000000004,0,PF,Prime
33,49.88507995501003,35,10.1,0.10857142857142857,0.05714285714285714,0.025714285714285714,0.008571428571428572,0.002857142857142857,0.19801980198019803,0.08910891089108912,0.0297029702970297,0.009900990099009901,0.409,0.394,1.0,17.2,-2.7,-0.1,1.8,0.4,0,PF,Veteran
33,49.88507995501003,38,11.2,0.1368421052631579,0.09210526315789473,0.018421052631578946,0.005263157894736842,0.013157894736842105,0.3125,0.0625,0.01785714285714286,0.044642857142857144,0.51,0.308,0.673,20.6,-1.6,0.0,1.0,0.7,0,C,Veteran
31,25.633331703261778,74,20.6,0.1027027027027027,0.02972972972972973,0.018918918918918916,0.006756756756756757,0.002702702702702703,0.10679611650485438,0.06796116504854369,0.024271844660194174,0.009708737864077669,0.457,0.426,0.643,14.3,-1.1,0.3,2.3333333333333335,0.7,0,SF,Veteran
35,82.13682820675828,42,8.5,0.10476190476190476,0.05952380952380952,0.007142857142857143,0.002380952380952381,0.014285714285714285,0.29411764705882354,0.03529411764705882,0.011764705882352941,0.07058823529411765,0.64,0.4,0.585,22.8,-3.7,-0.1,0.3333333333333333,0.7,0,C,Veteran
22,15.500464570394637,68,18.8,0.13823529411764707,0.08529411764705883,0.014705882352941176,0.004411764705882353,0.013235294117647059,0.30851063829787234,0.05319148936170213,0.015957446808510637,0.047872340425531915,0.476,0.283,0.759,21.0,-2.1,0.0,0.9090909090909091,1.2,0,C,Rookie
26,0.003961073891143875,80,28.4,0.14375,0.04,0.026250000000000002,0.00625,0.0025,0.11267605633802819,0.073943661971831,0.017605633802816902,0.007042253521126762,0.41,0.35,0.876,17.6,-1.7,0.2,2.3333333333333335,0.7,0,SF,Prime
26,0.003961073891143875,81,25.8,0.1567901234567901,0.043209876543209874,0.018518518518518517,0.009876543209876543,0.0012345679012345679,0.13565891472868216,0.05813953488372093,0.031007751937984496,0.003875968992248062,0.395,0.357,0.769,21.1,-2.0,0.0,1.3636363636363635,0.9,0,SG,Prime
22,15.500464570394637,5,2.4,0.16,0.04,0.0,0.0,0.0,0.08333333333333334,0.0,0.0,0.0,0.4,0.367,0.8105,17.9,-11.3,0.0,1.7142857142857144,0.0,0,SG,Rookie
21,24.37459044452051,74,23.0,0.12432432432432432,0.11351351351351352,0.012162162162162163,0.005405405405405406,0.03108108108108108,0.3652173913043478,0.0391304347826087,0.017391304347826087,0.09999999999999999,0.72,0.333,0.516,13.3,2.9,2.1,1.125,2.6999999999999997,0,C,Rookie
22,15.500464570394637,79,30.6,0.1531645569620253,0.049367088607594936,0.024050632911392405,0.01139240506329114,0.012658227848101266,0.12745098039215685,0.06209150326797385,0.029411764705882353,0.032679738562091505,0.517,0.398,0.736,15.8,-1.2,0.5,1.3571428571428572,1.9,0,SF,Rookie
20,35.24871631864638,67,20.8,0.14776119402985075,0.050746268656716415,0.02835820895522388,0.008955223880597015,0.007462686567164179,0.16346153846153846,0.09134615384615384,0.028846153846153844,0.024038461538461536,0.525,0.37,0.652,19.6,-1.7,0.1,1.3571428571428572,1.1,0,PF,Rookie
21,24.37459044452051,57,16.6,0.18596491228070175,0.02982456140350877,0.02456140350877193,0.007017543859649123,0.0017543859649122807,0.10240963855421685,0.08433734939759036,0.024096385542168672,0.006024096385542168,0.441,0.383,0.868,27.8,-2.7,-0.2,1.2727272727272725,0.5,0,SG,Rookie
30,16.50745757738765,61,14.3,0.07049180327868852,0.07049180327868852,0.014754098360655738,0.0049180327868852455,0.022950819672131147,0.3006993006993007,0.06293706293706293,0.020979020979020976,0.09790209790209789,0.578,0.3105,0.357,14.0,-0.9,0.2,1.125,1.7,0,C,Veteran
27,1.1298351997652707,77,20.1,0.11298701298701298,0.029870129870129866,0.01948051948051948,0.006493506493506494,0.0012987012987012987,0.11442786069651739,0.07462686567164178,0.02487562189054726,0.004975124378109453,0.451,0.372,0.694,18.2,-0.7,0.5,2.142857142857143,0.6,0,SF,Prime
27,1.1298351997652707,81,22.3,0.09876543209876543,0.030864197530864196,0.029629629629629627,0.009876543209876543,0.0049382716049382715,0.11210762331838564,0.10762331838565022,0.03587443946188341,0.017937219730941704,0.423,0.421,0.816,15.3,-0.6,0.6,2.4,1.2000000000000002,0,PG,Prime
21,24.37459044452051,77,34.8,0.1987012987012987,0.08571428571428572,0.06233766233766234,0.014285714285714287,0.01038961038961039,0.18965517241379312,0.13793103448275862,0.031609195402298854,0.02298850574712644,0.456,0.281,0.772,20.3,0.4,1.6,2.4,1.9000000000000001,0,SF,Rookie
25,0.8780869480170171,64,13.1,0.1046875,0.034375,0.015625,0.0109375,0.003125,0.16793893129770995,0.07633587786259542,0.05343511450381679,0.015267175572519085,0.423,0.366,0.791,22.2,-1.5,0.1,1.25,0.8999999999999999,0,SG,Prime
25,0.8780869480170171,62,18.1,0.08548387096774193,0.0532258064516129,0.008064516129032258,0.0064516129032258064,0.004838709677419355,0.18232044198895025,0.027624309392265192,0.022099447513812154,0.016574585635359115,0.448,0.316,0.702,13.6,-2.8,-0.2,1.25,0.7,0,SF,Prime
26,0.003961073891143875,79,34.6,0.2417721518987342,0.15569620253164557,0.09240506329113923,0.010126582278481013,0.006329113924050633,0.3554913294797688,0.21098265895953755,0.023121387283236993,0.014450867052023121,0.615,0.373,0.742,21.3,5.8,5.4,2.5172413793103448,1.3,0,C,Prime
31,25.633331703261778,37,25.1,0.15945945945945947,0.0972972972972973,0.03783783783783783,0.008108108108108109,0.021621621621621623,0.14342629482071712,0.05577689243027888,0.011952191235059759,0.03187250996015936,0.456,0.348,0.711,10.3,-2.2,0.0,2.0,1.1,0,PF,Veteran
24,3.7522128221428903,61,21.5,0.14754098360655737,0.03770491803278688,0.04918032786885246,0.018032786885245903,0.003278688524590164,0.10697674418604651,0.13953488372093023,0.051162790697674425,0.009302325581395349,0.411,0.336,0.813,19.8,-1.2,0.3,2.3076923076923075,1.3,0,PG,Prime
25,0.8780869480170171,34,13.4,0.12058823529411763,0.061764705882352944,0.014705882352941176,0.014705882352941176,0.0029411764705882353,0.15671641791044777,0.03731343283582089,0.03731343283582089,0.007462686567164179,0.439,0.372,0.756,13.7,-3.6,-0.2,0.8333333333333334,0.6,0,SG,Prime
23,8.626338696268764,73,19.1,0.13013698630136986,0.03287671232876712,0.01643835616438356,0.00958904109589041,0.0013698630136986301,0.1256544502617801,0.06282722513089005,0.03664921465968586,0.005235602094240838,0.441,0.409,0.82,17.7,0.9,1.0,2.4,0.7999999999999999,0,SG,Prime
23,8.626338696268764,74,30.7,0.18513513513513513,0.06216216216216216,0.02837837837837838,0.013513513513513514,0.004054054054054054,0.14983713355048858,0.06840390879478828,0.03257328990228013,0.009771986970684038,0.388,0.33,0.772,19.8,-3.0,-0.6,1.7500000000000002,1.3,0,SF,Prime
19,48.122842192772254,6,6.7,0.25,0.16666666666666666,0.08333333333333333,0.11666666666666665,0.0,0.14925373134328357,0.07462686567164178,0.1044776119402985,0.0,0.571,0.0,0.5,10.4,-2.9,0.0,1.6666666666666667,0.7,0,SG,Rookie
25,0.8780869480170171,48,13.4,0.11666666666666665,0.0375,0.027083333333333334,0.0062499999999999995,0.0,0.13432835820895522,0.09701492537313433,0.022388059701492536,0.0,0.412,0.364,0.75,19.8,-3.4,-0.2,1.625,0.3,0,PG,Prime
24,3.7522128221428903,27,19.2,0.17407407407407408,0.13333333333333333,0.05185185185185185,0.025925925925925925,0.014814814814814815,0.1875,0.07291666666666667,0.036458333333333336,0.020833333333333336,0.352,0.302,0.762,12.3,-1.6,0.1,2.3333333333333335,1.1,0,SF,Prime
24,3.7522128221428903,59,27.0,0.12542372881355932,0.1593220338983051,0.015254237288135594,0.015254237288135594,0.030508474576271188,0.34814814814814815,0.03333333333333333,0.03333333333333333,0.06666666666666667,0.671,0.3105,0.484,10.1,2.4,1.7,1.2857142857142858,2.7,0,C,Prime
31,25.633331703261778,64,20.5,0.159375,0.034375,0.021875,0.003125,0.0015625,0.10731707317073172,0.06829268292682926,0.00975609756097561,0.004878048780487805,0.457,0.413,0.757,19.2,-3.2,-0.4,1.5555555555555554,0.30000000000000004,0,SF,Veteran
26,0.003961073891143875,68,25.9,0.13823529411764707,0.030882352941176472,0.03676470588235294,0.013235294117647059,0.0014705882352941176,0.08108108108108109,0.09652509652509653,0.03474903474903475,0.0038610038610038615,0.402,0.334,0.872,17.5,-3.4,-0.6,1.7857142857142858,1.0,0,PG,Prime
30,16.50745757738765,59,10.6,0.05593220338983051,0.0288135593220339,0.010169491525423728,0.0016949152542372883,0.0033898305084745766,0.16037735849056603,0.05660377358490566,0.009433962264150945,0.01886792452830189,0.538,0.138,0.731,12.3,-3.3,-0.2,2.0,0.30000000000000004,0,PF,Veteran
24,3.7522128221428903,48,23.9,0.29791666666666666,0.04583333333333334,0.06041666666666667,0.012499999999999999,0.0020833333333333333,0.09205020920502094,0.12133891213389121,0.02510460251046025,0.004184100418410042,0.506,0.393,0.819,23.4,-1.3,0.2,1.611111111111111,0.7,0,PG,Prime
27,1.1298351997652707,29,33.0,0.7172413793103448,0.2793103448275862,0.16551724137931034,0.02413793103448276,0.020689655172413793,0.24545454545454545,0.14545454545454545,0.02121212121212121,0.01818181818181818,0.495,0.366,0.874,25.6,3.0,1.2,1.5999999999999999,1.2999999999999998,0,PF,Prime
27,1.1298351997652707,70,26.0,0.20142857142857143,0.13714285714285715,0.02142857142857143,0.005714285714285714,0.002857142857142857,0.3692307692307692,0.057692307692307696,0.015384615384615385,0.007692307692307693,0.496,0.37,0.768,21.7,0.7,1.2,1.25,0.6000000000000001,0,PF,Prime
21,24.37459044452051,64,12.3,0.090625,0.0171875,0.0171875,0.0078125,0.003125,0.08943089430894309,0.08943089430894309,0.04065040650406504,0.016260162601626015,0.465,0.236,0.75,21.9,-4.3,-0.5,1.2222222222222223,0.7,0,SG,Rookie
20,35.24871631864638,56,11.1,0.06964285714285715,0.04107142857142857,0.010714285714285714,0.0035714285714285718,0.0035714285714285718,0.2072072072072072,0.05405405405405406,0.018018018018018018,0.018018018018018018,0.419,0.286,0.756,17.3,-6.1,-0.6,1.2,0.4,0,SF,Rookie
21,24.37459044452051,67,17.7,0.11492537313432837,0.034328358208955224,0.026865671641791045,0.008955223880597015,0.0029850746268656717,0.12994350282485875,0.1016949152542373,0.03389830508474576,0.01129943502824859,0.393,0.315,0.764,20.7,-3.9,-0.6,2.0,0.8,0,PG,Rookie
23,8.626338696268764,31,8.5,0.0935483870967742,0.04838709677419355,0.00967741935483871,0.0032258064516129032,0.0064516129032258064,0.17647058823529413,0.03529411764705882,0.011764705882352941,0.023529411764705882,0.52,0.263,0.545,14.2,-4.1,-0.1,1.0,0.30000000000000004,0,PF,Prime
20,35.24871631864638,72,33.8,0.2777777777777778,0.09583333333333334,0.051388888888888894,0.011111111111111112,0.006944444444444444,0.20414201183431954,0.10946745562130179,0.02366863905325444,0.014792899408284025,0.427,0.298,0.738,27.5,-1.5,0.3,1.3214285714285716,1.3,0,PF,Rookie
23,8.626338696268764,68,29.2,0.18970588235294117,0.052941176470588235,0.09705882352941175,0.01911764705882353,0.0014705882352941176,0.12328767123287672,0.22602739726027396,0.044520547945205484,0.0034246575342465756,0.459,0.285,0.86,19.3,-1.0,0.5,4.124999999999999,1.4000000000000001,0,PG,Prime
24,3.7522128221428903,47,12.9,0.06170212765957447,0.027659574468085108,0.02553191489361702,0.006382978723404255,0.002127659574468085,0.10077519379844961,0.09302325581395349,0.023255813953488372,0.007751937984496124,0.364,0.254,0.667,13.1,-6.7,-0.7,2.0,0.4,0,SG,Prime
36,101.26270233263241,52,15.8,0.06538461538461539,0.04230769230769231,0.01346153846153846,0.007692307692307693,0.005769230769230769,0.13924050632911392,0.044303797468354424,0.02531645569620253,0.018987341772151896,0.363,0.315,0.857,9.8,-2.7,-0.1,2.3333333333333335,0.7,0,SF,Veteran
28,4.255709325639398,63,35.3,0.33492063492063495,0.06507936507936507,0.08095238095238094,0.019047619047619046,0.0047619047619047615,0.11614730878186968,0.14447592067988668,0.0339943342776204,0.0084985835694051,0.415,0.327,0.809,26.9,-0.6,0.8,2.4285714285714284,1.5,0,SG,Prime
22,15.500464570394637,53,13.7,0.09811320754716982,0.04905660377358491,0.005660377358490566,0.005660377358490566,0.007547169811320755,0.18978102189781024,0.021897810218978103,0.021897810218978103,0.029197080291970805,0.561,0.262,0.645,15.2,-3.7,-0.3,0.5,0.7,0,PF,Rookie
25,0.8780869480170171,35,23.5,0.22857142857142856,0.23714285714285716,0.04,0.017142857142857144,0.04,0.35319148936170214,0.05957446808510638,0.02553191489361702,0.05957446808510638,0.747,0.0,0.61,11.8,3.3,1.1,1.4,2.0,0,C,Prime
25,0.8780869480170171,71,30.0,0.18450704225352113,0.09154929577464789,0.016901408450704224,0.008450704225352112,0.014084507042253521,0.21666666666666667,0.04,0.02,0.03333333333333333,0.508,0.292,0.803,17.1,-1.3,0.4,1.0909090909090908,1.6,0,PF,Prime
32,36.7592058291359,18,18.9,0.38333333333333336,0.2111111111111111,0.08333333333333333,0.03888888888888889,0.016666666666666666,0.20105820105820107,0.07936507936507937,0.037037037037037035,0.015873015873015872,0.479,0.436,0.833,13.2,1.2,0.3,3.75,1.0,0,PF,Veteran
25,0.8780869480170171,77,23.3,0.11818181818181818,0.046753246753246755,0.032467532467532464,0.00909090909090909,0.0025974025974025974,0.15450643776824033,0.1072961373390558,0.03004291845493562,0.008583690987124463,0.433,0.303,0.789,17.8,-1.9,0.1,1.923076923076923,0.8999999999999999,0,SF,Prime
23,8.626338696268764,38,12.0,0.11578947368421054,0.09473684210526316,0.02631578947368421,0.010526315789473684,0.018421052631578946,0.3,0.08333333333333333,0.03333333333333333,0.05833333333333333,0.552,0.231,0.548,15.4,0.3,0.3,1.6666666666666667,1.1,0,C,Prime
22,15.500464570394637,52,13.5,0.09807692307692308,0.04230769230769231,0.01346153846153846,0.007692307692307693,0.0019230769230769232,0.16296296296296298,0.05185185185185185,0.02962962962962963,0.007407407407407408,0.395,0.331,0.73,18.3,-4.8,-0.5,0.7777777777777777,0.5,0,SF,Rookie
35,82.13682820675828,46,22.7,0.15,0.0608695652173913,0.07173913043478261,0.015217391304347825,0.002173913043478261,0.12334801762114538,0.14537444933920704,0.030837004405286344,0.004405286343612335,0.435,0.409,0.857,12.6,-0.7,0.3,2.75,0.7999999999999999,0,SF,Veteran
24,3.7522128221428903,73,34.8,0.35890410958904106,0.0410958904109589,0.13972602739726026,0.015068493150684932,0.0013698630136986301,0.08620689655172414,0.2931034482758621,0.031609195402298854,0.002873563218390805,0.429,0.335,0.886,32.6,3.3,3.4,2.4878048780487805,1.2000000000000002,0,PG,Prime
34,65.01095408088416,39,15.0,0.13076923076923075,0.13333333333333333,0.023076923076923078,0.007692307692307692,0.015384615384615384,0.3466666666666667,0.060000000000000005,0.02,0.04,0.765,1.0,0.458,13.7,-1.8,0.0,0.75,0.8999999999999999,0,C,Veteran
21,24.37459044452051,70,18.0,0.09571428571428571,0.04,0.011428571428571429,0.005714285714285714,0.004285714285714286,0.15555555555555556,0.044444444444444446,0.022222222222222223,0.016666666666666666,0.429,0.307,0.631,16.7,-3.9,-0.6,1.0,0.7,0,PF,Rookie
25,0.8780869480170171,59,18.3,0.16610169491525426,0.09661016949152543,0.00847457627118644,0.005084745762711864,0.00847457627118644,0.3114754098360656,0.0273224043715847,0.016393442622950817,0.0273224043715847,0.623,0.441,0.738,18.2,0.6,0.7,0.8333333333333334,0.8,0,C,Prime
20,35.24871631864638,57,16.0,0.07017543859649122,0.02982456140350877,0.04035087719298245,0.008771929824561403,0.0017543859649122807,0.10625,0.14375,0.03125,0.00625,0.342,0.286,0.667,15.4,-6.5,-1.0,1.5333333333333332,0.6,0,PG,Rookie
30,16.50745757738765,20,8.1,0.11000000000000001,0.065,0.02,0.015,0.015,0.16049382716049385,0.04938271604938272,0.037037037037037035,0.037037037037037035,0.594,0.5,0.8,11.1,-3.5,-0.1,1.0,0.6,0,C,Veteran
32,36.7592058291359,79,26.0,0.13670886075949368,0.11265822784810127,0.039240506329113925,0.007594936708860759,0.007594936708860759,0.3423076923076923,0.11923076923076924,0.023076923076923075,0.023076923076923075,0.68,0.3105,0.636,15.2,2.2,2.2,2.066666666666667,1.2,0,C,Veteran
34,65.01095408088416,78,30.4,0.20384615384615384,0.0858974358974359,0.016666666666666666,0.00641025641025641,0.03205128205128205,0.22039473684210528,0.04276315789473684,0.01644736842105263,0.08223684210526316,0.531,0.374,0.784,19.3,2.1,2.5,0.9285714285714287,3.0,0,C,Veteran
30,16.50745757738765,48,10.5,0.06874999999999999,0.020833333333333332,0.03333333333333333,0.008333333333333333,0.0020833333333333333,0.09523809523809523,0.1523809523809524,0.0380952380952381,0.009523809523809525,0.518,0.286,0.912,13.2,-0.2,0.2,3.2,0.5,0,PG,Veteran
29,9.381583451513524,57,11.9,0.09824561403508772,0.04912280701754386,0.010526315789473684,0.005263157894736842,0.007017543859649123,0.2352941176470588,0.050420168067226885,0.025210084033613443,0.03361344537815126,0.598,0.0,0.693,18.9,-1.3,0.1,1.0,0.7,0,C,Veteran
25,0.8780869480170171,4,9.0,0.375,0.625,0.0,0.125,0.0,0.2777777777777778,0.0,0.05555555555555555,0.0,0.286,0.0,1.0,10.8,-8.9,-0.1,0.0,0.5,0,PF,Prime
23,8.626338696268764,74,28.3,0.15,0.03783783783783783,0.016216216216216217,0.005405405405405406,0.0013513513513513514,0.0989399293286219,0.04240282685512367,0.014134275618374558,0.0035335689045936395,0.497,0.424,0.852,14.1,-1.5,0.2,1.7142857142857144,0.5,0,SF,Prime
31,25.633331703261778,76,19.2,0.0881578947368421,0.053947368421052626,0.011842105263157895,0.007894736842105263,0.003947368421052632,0.21354166666666666,0.046875,0.03125,0.015625,0.732,0.0,0.667,12.6,-1.2,0.3,1.0,0.8999999999999999,0,C,Veteran
32,36.7592058291359,34,22.2,0.33529411764705885,0.07941176470588236,0.15294117647058825,0.023529411764705882,0.011764705882352941,0.12162162162162163,0.23423423423423426,0.036036036036036036,0.018018018018018018,0.408,0.303,0.681,27.0,-1.2,0.1,2.166666666666667,1.2000000000000002,0,PG,Veteran
26,0.003961073891143875,42,26.3,0.16428571428571428,0.15,0.14523809523809522,0.030952380952380953,0.014285714285714285,0.23954372623574144,0.23193916349809884,0.049429657794676805,0.022813688212927754,0.566,0.0,0.439,14.3,0.4,0.7,2.6521739130434785,1.9,0,PG,Prime
30,16.50745757738765,67,26.0,0.22238805970149253,0.06268656716417911,0.05522388059701493,0.01044776119402985,0.004477611940298508,0.16153846153846155,0.1423076923076923,0.02692307692307692,0.011538461538461537,0.484,0.444,0.87,22.8,2.8,2.1,2.466666666666667,1.0,0,PG,Veteran
19,48.122842192772254,59,17.7,0.06440677966101695,0.054237288135593226,0.03898305084745762,0.011864406779661016,0.0033898305084745766,0.18079096045197743,0.12994350282485875,0.03954802259887005,0.01129943502824859,0.418,0.314,0.65,11.6,-1.8,0.0,2.3,0.8999999999999999,0,PG,Rookie
24,3.7522128221428903,64,28.8,0.203125,0.046875,0.053125,0.0078125,0.0046875,0.10416666666666666,0.11805555555555555,0.017361111111111112,0.010416666666666666,0.529,0.398,0.864,16.2,0.7,1.2,2.2666666666666666,0.8,0,SG,Prime
24,3.7522128221428903,58,31.7,0.3706896551724138,0.08620689655172414,0.07586206896551725,0.017241379310344827,0.006896551724137932,0.15772870662460567,0.13880126182965302,0.031545741324921134,0.012618296529968456,0.479,0.408,0.883,26.1,3.5,2.5,2.0,1.4,0,SG,Prime
20,35.24871631864638,49,18.7,0.12040816326530612,0.1,0.0326530612244898,0.012244897959183673,0.004081632653061225,0.2620320855614974,0.08556149732620322,0.03208556149732621,0.010695187165775402,0.436,0.407,0.704,13.5,-1.7,0.1,2.0,0.8,0,C,Rookie
27,1.1298351997652707,72,26.5,0.1736111111111111,0.12638888888888888,0.037500000000000006,0.0125,0.016666666666666666,0.3433962264150943,0.1018867924528302,0.033962264150943396,0.045283018867924525,0.629,0.0,0.592,18.2,1.9,1.9,1.5882352941176472,2.1,0,C,Prime
23,8.626338696268764,80,26.2,0.1075,0.034999999999999996,0.0325,0.01,0.00375,0.10687022900763359,0.09923664122137406,0.03053435114503817,0.011450381679389313,0.493,0.312,0.805,14.9,-2.5,-0.2,2.166666666666667,1.1,0,SG,Prime
29,9.381583451513524,79,34.5,0.2189873417721519,0.043037974683544304,0.08227848101265822,0.010126582278481013,0.0037974683544303796,0.09855072463768115,0.18840579710144928,0.02318840579710145,0.008695652173913044,0.438,0.369,0.812,22.1,0.7,1.8,3.611111111111111,1.1,0,SG,Veteran
32,36.7592058291359,58,36.3,0.5551724137931034,0.08275862068965517,0.12586206896551724,0.015517241379310345,0.005172413793103448,0.1322314049586777,0.20110192837465565,0.02479338842975207,0.008264462809917356,0.463,0.371,0.914,33.8,7.1,4.9,2.2121212121212124,1.2,0,PG,Veteran
28,4.255709325639398,48,24.7,0.1729166666666667,0.041666666666666664,0.024999999999999998,0.01875,0.0062499999999999995,0.08097165991902834,0.048582995951417005,0.03643724696356276,0.012145748987854251,0.45,0.431,0.9,12.6,-0.7,0.4,2.0,1.2,0,SG,Prime
20,35.24871631864638,51,15.9,0.07450980392156863,0.03725490196078431,0.011764705882352941,0.00392156862745098,0.00196078431372549,0.11949685534591194,0.03773584905660377,0.012578616352201259,0.006289308176100629,0.363,0.338,0.833,11.0,-4.0,-0.4,1.4999999999999998,0.30000000000000004,0,SF,Rookie
26,0.003961073891143875,67,35.9,0.3970149253731344,0.10298507462686568,0.05223880597014925,0.016417910447761197,0.005970149253731343,0.19220055710306408,0.09749303621169916,0.030640668523676882,0.011142061281337049,0.491,0.335,0.765,31.4,1.3,2.0,1.206896551724138,1.5,0,SF,Prime
30,16.50745757738765,42,26.3,0.25476190476190474,0.07142857142857142,0.08333333333333333,0.03333333333333333,0.007142857142857143,0.11406844106463879,0.13307984790874525,0.053231939163498096,0.011406844106463877,0.397,0.33,0.747,21.1,-2.1,0.0,1.6666666666666665,1.7,0,SG,Veteran
21,24.37459044452051,18,12.9,0.26666666666666666,0.12222222222222223,0.022222222222222223,0.011111111111111112,0.011111111111111112,0.17054263565891473,0.031007751937984496,0.015503875968992248,0.015503875968992248,0.337,0.238,0.5,19.6,-6.5,-0.3,2.0,0.4,0,SG,Rookie
24,3.7522128221428903,78,20.6,0.11538461538461539,0.07179487179487179,0.014102564102564105,0.005128205128205128,0.016666666666666666,0.27184466019417475,0.05339805825242719,0.019417475728155338,0.06310679611650485,0.732,0.3105,0.679,15.2,1.0,1.2,1.0,1.7000000000000002,0,C,Prime
31,25.633331703261778,32,16.4,0.178125,0.071875,0.028125,0.015625,0.0,0.1402439024390244,0.05487804878048781,0.030487804878048783,0.0,0.408,0.423,0.818,14.0,-1.5,0.1,3.0,0.5,0,SG,Veteran
21,24.37459044452051,43,19.3,0.20930232558139536,0.16511627906976745,0.009302325581395349,0.01627906976744186,0.023255813953488372,0.36787564766839376,0.02072538860103627,0.03626943005181347,0.05181347150259067,0.637,0.3105,0.691,17.0,0.1,0.4,0.4444444444444445,1.7,0,C,Rookie
23,8.626338696268764,7,5.9,0.18571428571428572,0.14285714285714285,0.08571428571428572,0.0,0.0,0.1694915254237288,0.10169491525423728,0.0,0.0,0.333,0.375,0.773,9.3,-3.4,0.0,1.7142857142857144,0.0,0,SF,Prime
28,4.255709325639398,74,30.2,0.1635135135135135,0.05135135135135135,0.0527027027027027,0.013513513513513514,0.004054054054054054,0.12582781456953643,0.1291390728476821,0.033112582781456956,0.009933774834437087,0.431,0.392,0.722,18.7,-0.2,1.0,2.4375,1.3,0,SG,Prime
25,0.8780869480170171,66,10.4,0.07424242424242425,0.045454545454545456,0.00909090909090909,0.004545454545454545,0.004545454545454545,0.28846153846153844,0.05769230769230769,0.028846153846153844,0.028846153846153844,0.589,0.237,0.74,17.6,-0.1,0.3,1.2,0.6,0,PF,Prime
24,3.7522128221428903,49,15.7,0.1346938775510204,0.09387755102040815,0.018367346938775512,0.006122448979591836,0.018367346938775512,0.2929936305732484,0.05732484076433121,0.01910828025477707,0.05732484076433121,0.485,0.387,0.661,16.6,0.5,0.5,1.5,1.2,0,C,Prime
27,1.1298351997652707,7,19.1,0.7142857142857143,0.4857142857142857,0.2285714285714286,0.08571428571428572,0.014285714285714287,0.17801047120418848,0.08376963350785341,0.031413612565445025,0.005235602094240838,0.389,0.214,0.571,12.9,-4.6,-0.1,5.333333333333334,0.7,0,SF,Prime
21,24.37459044452051,5,6.8,0.44000000000000006,0.32,0.16,0.04,0.0,0.23529411764705885,0.11764705882352942,0.029411764705882356,0.0,0.333,0.2,0.773,19.2,-7.9,-0.1,1.7142857142857144,0.2,0,SF,Rookie
30,16.50745757738765,61,23.7,0.12459016393442622,0.07540983606557376,0.021311475409836068,0.009836065573770491,0.003278688524590164,0.1940928270042194,0.05485232067510549,0.02531645569620253,0.008438818565400845,0.392,0.339,0.659,13.8,-1.0,0.3,2.6,0.8,0,SF,Veteran
26,0.003961073891143875,44,20.3,0.10681818181818183,0.07727272727272727,0.018181818181818184,0.013636363636363636,0.011363636363636364,0.16748768472906403,0.03940886699507389,0.029556650246305417,0.02463054187192118,0.412,0.354,0.652,10.2,-0.7,0.3,2.0,1.1,0,PF,Prime
33,49.88507995501003,31,11.5,0.12580645161290321,0.11290322580645161,0.054838709677419356,0.0032258064516129032,0.016129032258064516,0.30434782608695654,0.14782608695652175,0.008695652173913044,0.043478260869565216,0.385,0.28,0.769,17.9,-3.9,-0.2,1.7,0.6,0,C,Veteran
25,0.8780869480170171,45,18.1,0.15333333333333335,0.03777777777777778,0.06666666666666667,0.011111111111111112,0.0022222222222222222,0.09392265193370165,0.16574585635359115,0.027624309392265192,0.0055248618784530384,0.488,0.389,0.927,14.9,-0.8,0.3,4.285714285714286,0.6,0,SG,Prime
25,0.8780869480170171,46,19.5,0.17173913043478262,0.05434782608695652,0.03043478260869565,0.010869565217391304,0.004347826086956522,0.1282051282051282,0.07179487179487179,0.02564102564102564,0.010256410256410256,0.369,0.316,0.847,19.0,-4.5,-0.6,1.5555555555555554,0.7,0,SF,Prime
22,15.500464570394637,65,20.2,0.1646153846153846,0.04923076923076923,0.05846153846153846,0.00923076923076923,0.006153846153846154,0.15841584158415842,0.18811881188118812,0.0297029702970297,0.019801980198019802,0.419,0.286,0.75,25.9,-1.6,0.2,2.0,1.0,0,SG,Rookie
25,0.8780869480170171,67,31.7,0.22985074626865673,0.06268656716417911,0.0208955223880597,0.007462686567164179,0.004477611940298508,0.13249211356466878,0.044164037854889586,0.015772870662460567,0.00946372239747634,0.461,0.35,0.826,19.7,-3.3,-0.7,1.1666666666666667,0.8,0,SF,Prime
33,49.88507995501003,65,28.1,0.1723076923076923,0.06153846153846154,0.027692307692307693,0.00923076923076923,0.004615384615384615,0.14234875444839856,0.06405693950177936,0.021352313167259784,0.010676156583629892,0.426,0.364,0.782,17.6,-1.9,0.0,2.0,0.8999999999999999,0,PF,Veteran
23,8.626338696268764,69,35.5,0.3130434782608696,0.0391304347826087,0.11304347826086956,0.017391304347826087,0.0014492753623188406,0.07605633802816902,0.21971830985915491,0.03380281690140845,0.0028169014084507044,0.462,0.41,0.863,26.9,2.4,2.7,2.689655172413793,1.3,0,PG,Prime
23,8.626338696268764,31,9.0,0.14838709677419354,0.04838709677419355,0.03870967741935484,0.012903225806451613,0.012903225806451613,0.16666666666666666,0.13333333333333333,0.044444444444444446,0.044444444444444446,0.423,0.294,0.708,24.2,-0.5,0.1,2.0,0.8,0,PG,Prime
26,0.003961073891143875,42,28.5,0.36904761904761907,0.10476190476190476,0.04523809523809524,0.02857142857142857,0.007142857142857143,0.1543859649122807,0.06666666666666667,0.042105263157894736,0.010526315789473684,0.47,0.404,0.842,20.6,2.6,1.4,2.111111111111111,1.5,0,PF,Prime
22,15.500464570394637,74,23.4,0.13108108108108107,0.03918918918918919,0.03783783783783783,0.009459459459459458,0.0013513513513513514,0.12393162393162394,0.11965811965811966,0.029914529914529916,0.004273504273504274,0.443,0.372,0.871,17.9,-0.8,0.5,2.8,0.7999999999999999,0,SG,Rookie
19,48.122842192772254,3,2.7,0.3333333333333333,0.2333333333333333,0.0,0.0,0.0,0.25925925925925924,0.0,0.0,0.0,0.25,0.25,0.8105,21.4,-13.0,0.0,1.7142857142857144,0.0,0,SG,Rookie
24,3.7522128221428903,7,7.4,0.4857142857142857,0.32857142857142857,0.08571428571428572,0.014285714285714287,0.0,0.31081081081081074,0.08108108108108107,0.013513513513513514,0.0,0.667,0.571,0.747,13.7,3.5,0.1,2.0,0.1,0,PF,Prime
27,1.1298351997652707,31,21.8,0.29354838709677417,0.12258064516129032,0.08709677419354839,0.02258064516129032,0.0064516129032258064,0.17431192660550457,0.12385321100917432,0.03211009174311926,0.009174311926605505,0.48,0.283,0.725,18.8,-3.5,-0.3,1.8,0.8999999999999999,0,SF,Prime
27,1.1298351997652707,52,14.7,0.12115384615384615,0.032692307692307694,0.015384615384615385,0.005769230769230769,0.0038461538461538464,0.11564625850340136,0.054421768707483,0.020408163265306124,0.01360544217687075,0.369,0.33,0.795,20.2,-5.2,-0.6,1.0,0.5,0,SF,Prime
21,24.37459044452051,76,15.5,0.0618421052631579,0.031578947368421054,0.010526315789473684,0.006578947368421052,0.002631578947368421,0.15483870967741936,0.05161290322580645,0.03225806451612903,0.012903225806451613,0.495,0.354,0.625,13.0,-2.4,-0.1,1.6,0.7,0,SG,Rookie
27,1.1298351997652707,2,4.0,0.5,0.5,0.25,0.0,0.0,0.25,0.125,0.0,0.0,0.5,0.339,0.0,26.2,-20.7,0.0,0.5,0.0,0,SF,Prime
34,65.01095408088416,78,21.9,0.0782051282051282,0.04871794871794872,0.020512820512820513,0.008974358974358974,0.007692307692307692,0.1735159817351598,0.07305936073059362,0.0319634703196347,0.027397260273972605,0.42,0.391,0.708,11.5,0.5,1.0,2.666666666666667,1.2999999999999998,0,PF,Veteran
24,3.7522128221428903,68,32.6,0.21029411764705883,0.14411764705882354,0.024999999999999998,0.011764705882352941,0.01764705882352941,0.3006134969325153,0.05214723926380368,0.024539877300613498,0.03680981595092024,0.644,0.1,0.733,16.4,2.4,2.4,1.2142857142857144,2.0,0,C,Prime
24,3.7522128221428903,63,23.3,0.17777777777777776,0.07142857142857142,0.014285714285714285,0.0047619047619047615,0.006349206349206349,0.19313304721030042,0.03862660944206008,0.012875536480686695,0.017167381974248927,0.486,0.319,0.739,20.2,-2.2,-0.1,1.125,0.7,0,PF,Prime
35,82.13682820675828,67,30.3,0.17761194029850746,0.04029850746268657,0.1,0.016417910447761197,0.0029850746268656717,0.08910891089108912,0.22112211221122113,0.036303630363036306,0.006600660066006601,0.428,0.385,0.834,16.3,0.9,1.5,4.466666666666667,1.3,0,PG,Veteran
24,3.7522128221428903,67,15.7,0.11044776119402985,0.0417910447761194,0.014925373134328358,0.004477611940298508,0.0029850746268656717,0.17834394904458598,0.06369426751592357,0.01910828025477707,0.012738853503184714,0.446,0.344,0.809,19.5,-0.5,0.4,1.6666666666666667,0.5,0,PF,Prime
32,36.7592058291359,56,17.7,0.12142857142857143,0.04285714285714286,0.03571428571428571,0.008928571428571428,0.0035714285714285718,0.13559322033898305,0.11299435028248588,0.02824858757062147,0.01129943502824859,0.379,0.367,0.787,18.9,-2.6,-0.2,2.2222222222222223,0.7,0,SG,Veteran
22,15.500464570394637,54,18.1,0.12222222222222222,0.04814814814814815,0.016666666666666666,0.007407407407407408,0.007407407407407408,0.143646408839779,0.049723756906077346,0.022099447513812154,0.022099447513812154,0.442,0.367,0.717,16.0,-3.0,-0.3,1.2857142857142858,0.8,0,SF,Rookie
23,8.626338696268764,7,2.9,0.1285714285714286,0.04285714285714286,0.0,0.0,0.0,0.10344827586206896,0.0,0.0,0.0,0.286,0.25,0.5,17.4,-14.4,-0.1,1.7142857142857144,0.0,0,C,Prime
34,65.01095408088416,62,20.0,0.132258064516129,0.1032258064516129,0.03064516129032258,0.004838709677419355,0.0032258064516129032,0.32,0.095,0.015,0.01,0.389,0.334,0.879,19.2,0.6,0.8,1.727272727272727,0.5,0,PF,Veteran
34,65.01095408088416,37,8.1,0.08108108108108109,0.03783783783783783,0.013513513513513514,0.002702702702702703,0.005405405405405406,0.1728395061728395,0.0617283950617284,0.01234567901234568,0.02469135802469136,0.64,0.5,0.778,16.1,-3.0,-0.1,0.7142857142857143,0.30000000000000004,0,C,Veteran
33,49.88507995501003,58,36.8,0.3620689655172414,0.10517241379310344,0.18448275862068964,0.020689655172413793,0.008620689655172414,0.1657608695652174,0.2907608695652174,0.03260869565217391,0.013586956521739132,0.441,0.385,0.867,25.0,5.4,4.0,3.1470588235294117,1.7,0,PG,Veteran
22,15.500464570394637,29,5.7,0.041379310344827586,0.03103448275862069,0.020689655172413793,0.006896551724137932,0.0,0.15789473684210525,0.10526315789473684,0.03508771929824561,0.0,0.405,0.238,0.5,10.9,-3.6,-0.1,2.9999999999999996,0.2,0,PG,Rookie
20,35.24871631864638,63,13.0,0.07619047619047618,0.026984126984126982,0.012698412698412698,0.0047619047619047615,0.0015873015873015873,0.13076923076923078,0.06153846153846154,0.023076923076923075,0.007692307692307693,0.476,0.363,0.698,14.6,-2.6,-0.1,1.6,0.4,0,SG,Rookie
27,1.1298351997652707,43,8.0,0.04883720930232558,0.03255813953488372,0.011627906976744186,0.0069767441860465115,0.002325581395348837,0.175,0.0625,0.0375,0.0125,0.333,0.37,0.667,14.5,-5.3,-0.3,1.0,0.4,0,SG,Prime
30,16.50745757738765,37,5.6,0.03783783783783783,0.032432432432432434,0.010810810810810811,0.002702702702702703,0.002702702702702703,0.2142857142857143,0.07142857142857144,0.01785714285714286,0.01785714285714286,0.435,0.0,0.5,13.8,-7.6,-0.3,1.3333333333333335,0.2,0,PF,Veteran
26,0.003961073891143875,16,4.9,0.0875,0.05625,0.0375,0.025,0.00625,0.18367346938775508,0.12244897959183672,0.08163265306122448,0.02040816326530612,0.303,0.125,0.773,20.6,-7.8,-0.1,2.0,0.5,0,SF,Prime
