Name,Aces_pct,Df_pct,FirstServe_In,FirstServe_Win,SecondServe_Win,BP_Saved_rate,TotalPoints_Won,ReturnPoints_Won,vAces_pct,v1stReturn_Win,v2ndReturn_Win,BP_Converted_rate,Aces_pct_Hard,Df_pct_Hard,FirstServe_Win_Hard,SecondServe_Win_Hard,ReturnPoints_Won_Hard,vAces_pct_Hard,v1stReturn_Win_Hard,v2ndReturn_Win_Hard,Aces_pct_Grass,Df_pct_Grass,FirstServe_Win_Grass,SecondServe_Win_Grass,ReturnPoints_Won_Grass,vAces_pct_Grass,v1stReturn_Win_Grass,v2ndReturn_Win_Grass,Aces_pct_Clay,Df_pct_Clay,FirstServe_Win_Clay,SecondServe_Win_Clay,ReturnPoints_Won_Clay,vAces_pct_Clay,v1stReturn_Win_Clay,v2ndReturn_Win_Clay,Aces_pct_Carpet,Df_pct_Carpet,FirstServe_Win_Carpet,SecondServe_Win_Carpet,ReturnPoints_Won_Carpet,vAces_pct_Carpet,v1stReturn_Win_Carpet,v2ndReturn_Win_Carpet,name,number_of_matches,playing_years,Serve_efficiency,Return_dominance,Serve_consistency,BP_efficiency,Hard_Clay_specialization,Cluster_KMeans,Cluster_GMM,GMM_max_prob,Cluster_DBSCAN,Cluster_Hier,Rk_avg,Dist_Centroid
Adrian Mannarino,6.593224043715847,3.2507103825136614,60.323060109289614,70.78480874316939,52.284918032786884,0.5306227583787214,50.47259825327511,37.74912663755458,8.787445414847161,29.432423580786025,50.702401746724895,0.42916504529940874,7.163003095975233,3.2298761609907123,72.08544891640867,53.10232198142415,38.227975270479135,9.048222565687789,29.655950540958273,51.44605873261205,6.781818181818181,3.5895104895104892,71.8986013986014,51.87202797202797,36.12027972027972,10.456643356643356,27.43076923076923,50.33496503496503,3.468,2.9616,62.8816,48.5808,37.1728,5.4952,30.610400000000002,47.308,2.2,4.4,59.2,46.3,32.9,12.9,23.8,46.4,Adrian Mannarino,80,"[2014, 2015, 2016, 2017, 2018, 2019, 2020, 2021, 2022, 2023, 2024]",1.9677093186340062,4.247466496333329,31.539862533010837,0.6805416385586152,2.007568132280054,1,1,1.0,0,1,137.8811544991511,3.765233247030979
Albert Ramos,3.935287958115183,3.04261780104712,63.07267015706807,68.01947643979058,51.56,0.5674263884898647,50.61298429319372,39.38157068062827,6.298010471204189,31.54303664921466,51.420732984293195,0.42953948351843774,5.0477366255144025,3.5971193415637863,68.56995884773663,50.74650205761317,34.83909465020576,9.217283950617285,25.664197530864197,48.85390946502058,5.157692307692307,3.7615384615384615,66.46923076923078,49.20769230769231,31.315384615384616,10.873076923076923,22.47307692307692,45.80769230769231,3.4948979591836733,2.8189504373177843,67.8832361516035,51.93731778425656,41.296355685131196,5.090524781341108,33.96924198250729,52.542711370262396,9.45,,,,33.36666666666667,,,,Albert Ramos,43,"[2012, 2014, 2015, 2016, 2017, 2018, 2019, 2020, 2021, 2022, 2023]",1.2522324403571905,6.15528387424101,32.5202687329843,0.6435758173876288,1.4041390556355704,1,1,1.0,0,1,168.4881154499151,2.5794039915835296
Alejandro Davidovich Fokina,3.8385245901639347,3.37103825136612,66.10628415300548,67.074043715847,51.35382513661202,0.5403381204499689,51.087704918032784,40.471311475409834,6.690163934426229,32.91393442622951,52.13387978142077,0.4514041780232208,4.760512820512821,3.1307692307692307,68.08,51.29282051282051,39.15435897435898,8.394871794871795,30.99948717948718,51.29794871794872,5.042857142857143,3.6142857142857148,67.68095238095238,54.328571428571436,35.82380952380952,8.633333333333335,26.423809523809524,50.971428571428575,2.4713333333333334,3.6493333333333333,65.68133333333334,51.016666666666666,42.834,4.202,36.31133333333333,53.38333333333333,9.45,,,,33.36666666666667,,,,Alejandro Davidovich Fokina,54,"[2018, 2019, 2020, 2021, 2022, 2023, 2024]",1.1058721662468516,5.960284886528248,33.9481055682463,0.7049465955673806,1.8513791109072415,1,1,1.0,0,1,236.15158371040724,2.544076684634375
Alejandro Tabilo,7.575280898876405,4.58876404494382,62.05337078651685,72.34269662921348,49.46797752808988,0.5602849311638489,51.708146067415726,39.85421348314607,7.639325842696629,32.09353932584269,52.53679775280899,0.4365738054539277,10.020491803278688,4.859016393442623,73.30901639344263,49.91803278688525,37.79344262295082,10.239344262295083,29.096721311475413,51.76065573770492,8.868181818181817,4.75,76.3409090909091,49.66818181818182,33.27727272727273,10.75,24.086363636363636,47.83636363636364,6.033962264150944,4.416509433962264,71.37169811320754,49.18820754716981,41.72264150943396,5.820283018867925,34.64905660377359,53.471226415094335,9.45,,,,33.36666666666667,,,,Alejandro Tabilo,20,"[2020, 2021, 2022, 2024]",1.6156242511382701,5.149571718931475,30.696547516096448,0.661190017897883,1.6336083222816686,1,1,0.9999999997633404,0,1,386.79007633587787,2.770645935687738
Alex De Minaur,4.934927234927234,3.3902286902286902,58.706029106029106,71.23700623700624,53.53076923076923,0.547123859945365,51.79313929313929,40.06923076923077,6.1891891891891895,31.876923076923074,52.56923076923077,0.4343553281693315,5.40273556231003,3.302431610942249,71.89969604863222,53.25987841945289,39.782978723404256,6.899392097264438,31.135866261398178,52.75957446808511,5.002777777777777,3.990277777777778,73.62777777777778,56.05277777777778,40.645833333333336,6.168055555555556,32.604166666666664,53.09444444444445,2.95,3.2112499999999997,66.36,52.375,40.7275,3.2875,34.269999999999996,51.313750000000006,9.45,,,,33.36666666666667,,,,Alex De Minaur,113,"[2016, 2017, 2018, 2019, 2020, 2021, 2022, 2023, 2024]",1.4139266142482723,6.371128227166045,31.425788965296658,0.6712089524963628,1.7713887089541083,1,1,1.0,0,1,148.21376811594203,3.0543121145773626
Alexander Bublik,14.430470347648262,8.423312883435583,58.78895705521472,75.93251533742331,45.458486707566465,0.5684610936778594,49.98916155419223,36.36564417177914,5.908997955010225,29.642126789366053,47.37075664621677,0.40616886492331705,14.58924418604651,8.551744186046513,76.35377906976744,45.56046511627907,36.47877906976744,6.041279069767441,29.765988372093023,47.53691860465116,19.095454545454544,8.157575757575756,78.75757575757575,47.70151515151515,35.64393939393939,7.380303030303031,27.71818181818182,48.304545454545455,9.841772151898734,8.086075949367087,71.73797468354431,43.140506329113926,36.4759493670886,4.10379746835443,30.71012658227848,45.86708860759494,9.45,,,,33.36666666666667,,,,Alexander Bublik,75,"[2016, 2017, 2019, 2020, 2021, 2022, 2023, 2024]",1.6930588545790446,6.0518649605227335,26.724570228461744,0.6076178086724303,1.4674691758310088,0,0,1.0,-1,0,187.22719449225474,6.164742440133004
Alexander Zverev,10.629055007052186,4.608603667136812,65.87630465444288,74.71678420310296,51.395627644569814,0.5442883963093498,52.359943582510574,38.72722143864598,5.687729196050776,30.654160789844852,51.3098730606488,0.42991064200422524,11.562953995157384,4.700242130750605,75.71573849878935,51.50193704600484,37.79370460048426,6.738256658595642,29.15762711864407,50.962953995157385,13.484745762711865,4.077966101694916,78.5677966101695,52.271186440677965,35.962711864406785,7.747457627118645,27.73728813559322,49.544067796610165,8.29071729957806,4.5810126582278485,72.01729957805907,50.992405063291145,41.042194092827,3.3443037974683545,33.98818565400844,52.35400843881856,9.45,,,,33.36666666666667,,,,Alexander Zverev,281,"[2014, 2015, 2016, 2017, 2018, 2019, 2020, 2021, 2022, 2023, 2024]",2.2573687994248743,6.6912635555014015,33.857540246199875,0.6672642941683636,1.3780650190346475,1,1,1.0,0,0,91.86666666666666,4.1114236538817135
Alexei Popyrin,10.194430992736079,4.330992736077482,60.20338983050848,74.46189320388349,50.74624697336562,0.5742354543255412,50.36594202898551,35.41545893719807,7.2903381642512075,27.55869565217391,47.747941888619856,0.39700432475929404,11.068076923076923,4.599230769230769,75.01042471042472,50.95884615384615,35.291954022988506,7.876628352490422,27.17816091954023,47.56384615384616,12.888095238095238,2.8857142857142857,76.42380952380952,53.23571428571429,31.89761904761905,9.383333333333335,22.433333333333334,47.7,7.128828828828828,4.24954954954955,72.43963963963964,49.306306306306304,37.03693693693694,5.11981981981982,30.392792792792793,48.1972972972973,9.45,,,,33.36666666666667,,,,Alexei Popyrin,27,"[2018, 2019, 2020, 2021, 2022, 2023, 2024]",2.3007103825136617,4.792129690155576,30.550960889727918,0.5888214898998895,1.5311023659789864,0,0,0.9999999999999885,0,0,233.73127753303964,1.867422593733587
Andrey Rublev,8.915683229813665,3.4118012422360247,60.34767080745342,75.25031055900621,51.311180124223604,0.5765242504511152,51.85403726708075,38.63354037267081,9.0,29.75978260869565,52.51350931677018,0.4142063477580832,10.088461538461539,3.643212669683258,76.40859728506787,51.35678733031674,38.31674208144796,10.04027149321267,28.7789592760181,52.994343891402714,9.048484848484849,2.06969696969697,74.79393939393938,52.875757575757575,36.487878787878785,11.327272727272728,27.54848484848485,51.25151515151515,5.782738095238095,3.0464285714285717,72.35119047619048,50.891666666666666,39.90595238095238,5.774404761904762,32.81964285714285,51.50357142857143,12.5,6.8,65.4,50.0,35.7,14.3,22.2,51.3,Andrey Rublev,188,"[2015, 2017, 2018, 2019, 2020, 2021, 2022, 2023, 2024]",2.5387778563848604,4.2454439969967925,30.965102068785928,0.6122564674982235,1.7149261747055942,0,0,0.9999999999061631,0,0,106.69220055710306,3.7256851714884367
Arthur Fils,7.134761904761905,4.366666666666666,61.271904761904764,72.79238095238095,51.241904761904756,0.5731045001528194,51.37962085308057,38.21090047393365,6.457345971563981,30.269668246445494,50.26398104265403,0.41477264801659913,8.915454545454546,4.288181818181818,75.40181818181819,51.27090909090909,36.3,8.084684684684685,27.216216216216218,50.449549549549545,8.226666666666667,4.806666666666667,76.76,54.17333333333333,33.92666666666666,8.386666666666667,24.446666666666665,46.84,4.6376470588235295,4.390588235294118,68.71529411764706,50.687058823529405,41.46235294117647,3.991764705882353,35.28470588235294,50.625882352941176,9.45,,,,33.36666666666667,,,,Arthur Fils,40,"[2021, 2023, 2024]",1.5973347547974417,5.827189939288812,31.396891083900222,0.6162084014033936,1.881831726753505,1,0,0.9999999998293263,0,0,318.1309523809524,2.802547082185192
Aslan Karatsev,6.272151898734177,5.314135021097046,59.46666666666667,71.42995780590718,50.30379746835443,0.5628610681043863,50.8661052631579,39.00926315789474,6.538947368421053,30.96884210526316,51.589473684210525,0.42669431957007314,7.33923611111111,5.519097222222222,72.38645833333334,50.05,38.27923875432526,7.1809688581314886,30.063321799307957,51.435294117647054,6.31764705882353,6.188235294117647,71.7764705882353,50.241176470588236,31.7,10.86470588235294,24.605882352941176,44.13529411764706,4.444578313253012,4.873493975903615,69.7566265060241,50.76927710843374,41.00903614457831,4.9716867469879515,33.27710843373494,52.577710843373495,4.7,5.066666666666666,70.23333333333333,49.26666666666667,40.1,6.8999999999999995,26.53333333333333,54.0,Aslan Karatsev,40,"[2015, 2020, 2021, 2022, 2023]",1.1584771850524103,5.875820516886001,29.913991561181437,0.6437160667623913,1.614943258807588,1,1,0.9999999999415604,0,1,290.4992503748126,3.7862459187737993
Ben Shelton,11.297222222222222,4.611111111111111,65.03777777777778,75.86833333333333,55.07722222222222,0.6236309886793633,51.410555555555554,34.352777777777774,6.609444444444445,27.38888888888889,46.208333333333336,0.4150370308703642,11.663636363636364,4.415384615384615,76.3055944055944,56.42097902097902,34.61748251748252,6.792307692307692,27.63986013986014,46.13426573426573,13.953846153846154,4.7615384615384615,76.97692307692309,50.76923076923077,32.276923076923076,8.092307692307692,24.53076923076923,46.892307692307696,7.675,5.695833333333333,72.66250000000001,49.40416666666667,33.9,4.716666666666667,27.441666666666666,46.27916666666667,9.45,,,,33.36666666666667,,,,Ben Shelton,33,"[2021, 2022, 2023, 2024]",2.397995283018868,5.1200629295354805,35.82100139506173,0.5735478957691027,1.5001461560947094,0,0,1.0,0,0,192.07853403141362,4.723298998785635
Benoit Paire,10.047945205479452,6.317579908675799,52.25045662100457,74.08812785388128,45.662100456621005,0.5465523646855206,49.52283105022831,38.52617142857143,4.655085714285714,31.854805491990845,49.50114285714286,0.41393689941966433,11.573434125269978,6.588768898488121,75.5816414686825,45.106263498920086,37.51123110151188,5.696112311015119,30.257359307359305,49.02872570194384,11.084210526315788,6.184210526315789,73.80526315789473,47.24561403508772,34.83157894736842,5.757894736842105,27.671929824561403,47.32807017543859,7.898033707865168,5.98623595505618,72.19101123595506,46.1314606741573,40.443098591549294,3.120281690140845,34.60535211267606,50.46619718309859,9.45,,,,33.36666666666667,,,,Benoit Paire,48,"[2012, 2013, 2014, 2015, 2016, 2017, 2018, 2019, 2020, 2021, 2022]",1.565690704044968,8.10209820462903,23.858655991326287,0.6402217701593295,1.4470349273333027,0,0,1.0,-1,0,140.34912959381043,7.090312520521745
Bernard Tomic,9.259599332220366,2.71118530884808,63.57378964941569,71.42787979966612,50.23338898163606,0.5751964988232736,49.18864774624374,34.00684474123539,11.848580968280467,25.536393989983303,47.35742904841402,0.3605144010927386,9.646534653465347,2.860643564356436,71.87945544554455,50.35173267326732,34.222524752475245,12.04059405940594,25.640594059405938,47.46014851485149,10.087356321839081,2.1287356321839077,73.42528735632185,53.191954022988504,33.282758620689656,14.136781609195403,24.047126436781607,49.301149425287356,6.695238095238095,2.6085714285714285,67.70380952380953,47.20666666666666,33.96666666666667,9.074285714285715,26.531428571428574,45.52571428571429,22.900000000000002,3.0666666666666664,83.03333333333333,54.43333333333334,27.366666666666664,16.73333333333333,19.866666666666667,41.266666666666666,Bernard Tomic,33,"[2012, 2013, 2014, 2015, 2016, 2017, 2018, 2019, 2024]",3.2938416770592074,2.846099033141452,31.93526904495807,0.5339399740979698,1.4196021564314807,0,0,1.0,-1,0,202.40616621983915,6.526434494054655
Borna Coric,7.803151260504202,2.886764705882353,61.65840336134454,72.81218487394958,53.18046218487395,0.5597054990080771,50.55995807127882,36.17966457023061,8.485324947589099,27.45115303983229,49.55765199161426,0.39032907065234695,8.219063545150501,3.0244147157190633,73.05886287625418,53.111036789297664,36.217999999999996,9.649666666666667,27.13,50.230333333333334,9.007407407407406,2.403703703703704,72.71851851851852,51.35925925925926,30.61111111111111,9.807407407407409,21.31111111111111,45.3962962962963,6.716778523489933,2.7,72.3248322147651,53.58724832214765,37.21208053691275,5.85503355704698,29.335570469798657,48.991946308724835,12.8,2.6,74.2,62.5,21.2,15.4,8.8,44.4,Borna Coric,71,"[2014, 2015, 2016, 2017, 2018, 2019, 2020, 2021, 2022, 2023, 2024]",2.612576492930998,4.214128736081266,32.79022388337688,0.5916716947778057,1.2057108085334496,0,0,0.9999999999961946,0,0,140.1119005328597,4.867742961773851
Botic Van De Zandschulp,7.526190476190477,5.409821428571429,62.455357142857146,71.72172619047619,48.007440476190474,0.5661249131011543,51.22291666666667,40.02648809523809,5.421428571428571,32.85327380952381,51.17619047619048,0.43419331154639096,8.814814814814815,5.1195767195767194,73.02275132275132,48.06719576719577,38.2941798941799,6.708994708994709,30.90634920634921,50.3063492063492,9.762500000000001,6.029166666666666,74.52499999999999,49.854166666666664,36.49583333333333,7.2,27.6375,49.73333333333333,5.109756097560975,5.734959349593495,69.17560975609756,47.55528455284553,43.37723577235772,3.0959349593495937,36.862601626016264,52.794308943089426,9.45,,,,33.36666666666667,,,,Botic Van De Zandschulp,91,"[2019, 2020, 2021, 2022, 2023, 2024]",1.365959055798628,7.2492992669254,29.98321840454932,0.6518196557534497,1.6919822444167016,1,1,0.999997022963304,0,1,294.65589353612165,3.465734184156314
Brandon Nakashima,9.419005847953217,2.341812865497076,63.86257309941521,74.59005847953216,55.23304093567252,0.5744899561554686,52.08771929824562,37.19269005847953,8.633333333333333,29.078070175438597,49.88070175438597,0.3847451403372456,10.082926829268294,2.3109756097560976,75.3349593495935,55.43252032520325,36.96178861788618,8.879674796747969,28.837804878048782,49.65731707317074,9.415,2.0375,76.27000000000001,57.725,36.03,11.165000000000001,27.2875,49.475,6.505357142857143,2.694642857142857,70.11785714285715,52.57678571428572,39.0375,5.742857142857143,31.412499999999998,51.151785714285715,9.45,,,,33.36666666666667,,,,Brandon Nakashima,34,"[2020, 2021, 2022, 2023, 2024]",3.8573823494192316,4.258704968528191,35.27324114257379,0.5704238244410011,1.526477162581845,0,0,1.0,0,0,161.78347578347578,3.892863327595462
Cameron Norrie,6.109919028340081,3.87085020242915,64.53805668016194,70.48481781376518,51.00465587044534,0.579692157279396,51.31963562753037,39.09595141700405,7.644331983805668,31.572469635627527,50.930566801619435,0.44266082415948294,6.454518072289157,4.054216867469879,70.99939759036144,51.331626506024094,39.76415662650603,7.822590361445783,32.00722891566265,51.440662650602405,6.19,4.09,70.286,50.412,34.104,11.168,26.584,47.156000000000006,5.052678571428571,3.2294642857142857,69.04821428571428,50.300000000000004,39.34375,5.542857142857143,32.510714285714286,51.103571428571435,9.45,,,,33.36666666666667,,,,Cameron Norrie,66,"[2015, 2016, 2017, 2018, 2019, 2020, 2021, 2022, 2023, 2024]",1.5386929037520392,5.048331024387695,32.91741371518956,0.6512666350768582,1.252652961525534,1,1,1.0,0,1,166.64144144144143,2.397167149110936
Carlos Alcaraz,4.613166144200627,2.9100313479623825,65.77805642633228,71.10940438871474,56.03636363636363,0.573864309601145,53.92382445141066,42.81630094043887,4.063009404388715,35.630407523510975,54.559561128526646,0.45432040153119085,5.841007194244604,2.7302158273381294,73.4294964028777,56.875539568345324,41.35107913669065,5.1388489208633095,33.52517985611511,54.451079136690645,7.151851851851852,3.559259259259259,75.55185185185185,54.525925925925925,39.75555555555556,6.166666666666667,32.262962962962966,52.074074074074076,3.0496732026143794,2.958823529411765,68.21764705882353,55.540522875817,44.6875816993464,2.7143790849673204,38.13725490196079,55.09673202614378,9.45,,,,33.36666666666667,,,,Carlos Alcaraz,174,"[2019, 2020, 2021, 2022, 2023, 2024]",1.532597375546761,10.284939759036146,36.85963089199201,0.6742016086296357,1.8544803916153232,1,1,1.0,-1,1,96.92173913043479,6.269603392564794
Casper Ruud,6.368390804597701,3.0454022988505747,64.82605363984673,72.02988505747126,54.41149425287356,0.5351530806483477,52.002681992337166,38.16455938697318,7.152681992337165,29.703065134099617,51.38026819923372,0.42674202687706964,7.663043478260869,2.9404347826086954,73.11782608695651,53.70130434782608,36.03,9.572608695652173,27.19608695652174,50.041304347826085,8.308333333333334,5.216666666666667,76.00833333333334,50.06666666666666,34.35,10.866666666666667,26.28333333333333,49.324999999999996,5.221785714285714,3.0385714285714283,70.96571428571428,55.18107142857143,40.08142857142857,5.005714285714285,31.90892857142857,52.568214285714284,9.45,,,,33.36666666666667,,,,Casper Ruud,169,"[2016, 2017, 2018, 2019, 2020, 2021, 2022, 2023, 2024]",2.0246665448565686,5.262130536992525,35.27282445060994,0.6718727183712351,1.439938375889567,1,1,1.0,0,1,133.1795302013423,2.9976356821145
Corentin Moutet,2.514143920595534,4.080645161290323,66.41116625310174,65.3468982630273,49.85062034739454,0.5683782414734101,50.126550868486355,40.23052109181141,4.304218362282878,32.71736972704715,52.381141439205955,0.4379208427055031,2.7871921182266006,4.291625615763547,65.98226600985221,50.31527093596059,38.70246305418719,5.399014778325123,30.747290640394088,51.461083743842366,4.722727272727273,4.8,71.70454545454545,48.02272727272727,36.07272727272727,5.545454545454546,29.372727272727275,48.81363636363637,1.9297752808988764,3.7511235955056184,63.83651685393258,49.54662921348314,42.487078651685394,2.902247191011236,35.37752808988764,53.87134831460674,9.45,,,,33.36666666666667,,,,Corentin Moutet,20,"[2017, 2018, 2019, 2020, 2022, 2023, 2024]",0.6013770180436848,9.134542791143163,33.10637835711075,0.6551991305703281,1.3731530502195817,1,1,1.0,0,1,246.3204081632653,4.016452519811299
Cristian Garin,5.375390625,4.304296875,60.1271484375,69.160546875,49.695703125,0.5485303048678984,50.0412109375,38.880859375,6.31328125,31.779296875,50.236328125,0.41894534127763255,6.524675324675324,4.533766233766234,70.72207792207793,50.07662337662338,36.28181818181818,9.494155844155843,27.830519480519477,49.861038961038965,6.888,4.276,70.648,50.896,37.476,7.5,29.672000000000004,49.623999999999995,4.730330330330331,4.2003003003003005,68.32672672672672,49.429429429429426,40.18828828828829,4.7531531531531535,33.763663663663664,50.45585585585585,9.45,,,,33.36666666666667,,,,Cristian Garin,37,"[2014, 2018, 2019, 2020, 2021, 2022, 2023, 2024]",1.2204878048780488,6.062553295163845,29.880609185028074,0.6459919268737474,1.350772075298031,1,1,1.0,0,1,216.88198757763976,2.9237407649546294
Damir Dzumhur,2.8365333333333336,3.2645333333333335,65.32133333333333,65.5136,51.24712950600801,0.5232509874370556,50.7932,41.49092122830441,5.34739652870494,34.55500667556743,51.79105473965287,0.446522793526899,3.239459459459459,3.837567567567568,66.56162162162163,50.31972972972973,39.784864864864865,7.57918918918919,31.826486486486484,51.450540540540544,3.5413793103448277,3.793103448275862,68.9448275862069,54.26896551724138,36.234482758620686,9.46206896551724,27.627586206896552,49.53103448275862,2.3554285714285714,2.6145714285714288,64.10228571428571,51.989111747851005,43.75186246418338,2.6312320916905443,38.0243553008596,52.36876790830946,1.7,3.4,72.2,47.8,36.1,8.2,34.2,41.7,Damir Dzumhur,23,"[2014, 2015, 2016, 2017, 2018, 2019, 2020, 2022, 2023]",0.8430688753269399,7.616651552658023,33.47530828838451,0.7164413735838565,1.319305109158495,1,1,1.0,0,1,189.07066381156318,4.294511854074859
Daniel Evans,5.867557932263814,3.7844919786096254,61.3301247771836,71.68021390374331,51.67807486631016,0.5571228775668595,51.02317290552585,38.316221033868096,8.502139037433155,30.4698752228164,50.811764705882354,0.4244736451104417,6.061,3.8907499999999997,72.40325,51.9955,38.68775,8.68025,30.546999999999997,51.2065,6.334042553191489,3.8436170212765957,72.69468085106384,52.61276595744681,37.276595744680854,10.05531914893617,29.503191489361704,51.0,3.9318181818181817,3.028787878787879,65.8378787878788,48.627272727272725,37.58787878787879,5.198484848484849,31.487878787878785,48.14696969696969,12.4,5.6,72.7,38.2,35.5,9.3,23.3,51.1,Daniel Evans,45,"[2015, 2016, 2017, 2019, 2020, 2021, 2022, 2023, 2024]",1.5105084434654918,4.454266650089105,31.694227797954376,0.6459577951115442,1.5032919954904174,1,1,0.9999410095209099,0,1,261.54282536151277,3.0088804937532756
Daniil Medvedev,10.42928,4.66784,61.186080000000004,75.42416,52.08272,0.5703252547246355,53.20831999999999,40.493120000000005,5.06912,32.082240000000006,54.020959999999995,0.44530642200771964,11.122757111597375,4.743107221006564,76.20809628008753,52.454923413566746,41.055142231947485,5.221663019693655,32.50371991247265,54.84660831509847,11.92987012987013,4.216883116883117,77.01038961038961,51.42337662337662,37.61818181818182,6.316883116883117,28.09090909090909,53.77012987012987,5.676923076923077,4.671428571428572,70.14505494505494,50.77142857142857,40.10329670329671,3.2472527472527473,33.34285714285714,50.08681318681318,9.45,,,,33.36666666666667,,,,Daniil Medvedev,286,"[2016, 2017, 2018, 2019, 2020, 2021, 2022, 2023, 2024]",2.1874223967247226,7.83365834029777,31.867374725376003,0.664313956350411,1.9253773961486802,1,1,0.9999999987494466,0,1,126.14051841746249,4.5106673366301875
David Goffin,7.03731884057971,4.445772946859903,58.29106280193237,72.34106280193237,51.192270531400965,0.5350098191523125,51.91280193236715,40.75990338164251,7.209541062801932,32.51256038647343,52.952415458937196,0.43362926797519635,7.382307692307693,4.670384615384616,72.5275,50.64423076923077,40.31903846153846,7.913461538461538,31.627307692307692,52.841923076923074,7.929577464788732,4.28169014084507,74.3943661971831,54.25211267605634,38.46056338028169,7.961971830985915,30.266197183098594,52.1225352112676,6.00635593220339,4.005084745762712,71.34110169491525,51.514406779661016,42.44025423728814,5.354237288135593,35.1635593220339,53.429661016949154,7.6,3.3,65.6,42.9,36.7,25.6,26.7,56.7,David Goffin,99,"[2013, 2014, 2015, 2016, 2017, 2018, 2019, 2020, 2021, 2022, 2023, 2024]",1.548101703020803,5.5762602646927615,29.840518565194053,0.6828701775888393,1.2089546980671817,1,1,1.0,0,1,129.16237623762376,3.5240771583585464
Denis Shapovalov,10.54088785046729,6.763084112149532,58.96051401869158,76.50303738317757,52.34252336448598,0.570439643986326,50.93948598130841,35.5946261682243,4.706308411214954,28.4053738317757,47.41705607476636,0.3761698700023329,11.327213114754098,6.753770491803279,77.72196721311475,52.1255737704918,36.133114754098365,4.802622950819672,28.58098360655738,48.331803278688525,11.595833333333333,6.872916666666666,77.35625,54.104166666666664,33.09375,5.895833333333333,24.891666666666666,46.42916666666667,6.668,6.730666666666667,71.0,52.09733333333334,35.00533333333333,3.5533333333333332,29.94,44.32933333333333,9.45,,,,33.36666666666667,,,,Denis Shapovalov,95,"[2016, 2017, 2018, 2019, 2020, 2021, 2022, 2023, 2024]",1.5358820725811944,7.405814010014098,30.861420826054673,0.5610793952542655,1.6736425996977096,0,0,1.0,0,0,134.0746887966805,3.7405455031180592
Diego Schwartzman,2.4846575342465753,3.9269863013698627,63.39301369863014,65.29287671232878,50.25643835616438,0.527379122106445,51.37287671232876,43.2645205479452,6.352876712328768,35.2586301369863,54.959452054794525,0.45788570625366265,3.0083333333333333,3.830681818181818,67.325,50.86439393939394,39.92575757575757,8.791666666666666,30.566666666666666,53.893181818181816,2.0703703703703704,3.7074074074074073,66.34814814814816,49.13703703703704,39.181481481481484,9.162962962962963,29.28518518518519,53.07037037037038,2.195216400911162,3.9984054669703872,64.00592255125284,49.959681093394074,45.52346241457859,4.713439635535307,38.44760820045558,55.71685649202734,9.45,,,,33.36666666666667,,,,Diego Schwartzman,115,"[2014, 2015, 2016, 2017, 2018, 2019, 2020, 2021, 2022, 2023]",0.6170017348709053,6.704687300980766,31.859070851566898,0.7298389285194845,1.3106970358607912,1,1,1.0,0,1,164.95005428881652,4.943144696051844
Dominic Thiem,7.18949843260188,3.5594043887147335,60.04012539184953,73.43636363636364,53.726175548589346,0.5514974533146404,51.30391849529781,37.5807210031348,6.411598746081505,30.16097178683386,49.556112852664576,0.39149396446174545,8.229245283018868,3.5465408805031444,74.49213836477988,53.34025157232705,36.081761006289305,8.260691823899371,28.321698113207546,48.45062893081761,10.625,4.371875,76.725,55.80625,31.7125,9.26875,24.28125,43.91875,5.659722222222222,3.4833333333333334,71.90520833333333,53.92118055555555,39.88784722222223,4.0524305555555555,32.84513888888889,51.403125,9.45,,,,33.36666666666667,,,,Dominic Thiem,226,"[2011, 2014, 2015, 2016, 2017, 2018, 2019, 2020, 2021, 2022, 2023, 2024]",1.9646635542039659,5.771350856922782,32.25726316761824,0.6009140365321944,1.4287573194534808,0,0,0.999999984716632,0,0,122.62281879194632,2.7698045109547627
Dusan Lajovic,4.980026281208936,2.342181340341656,65.2018396846255,68.92798948751643,52.85611038107753,0.575332911496838,50.40367936925098,37.4904073587385,5.872141918528252,29.4676741130092,50.07056504599211,0.40318762144007003,5.344025157232704,2.2248427672955975,68.81698113207547,51.85094339622641,35.505974842767294,7.990880503144654,26.81446540880503,49.28584905660377,4.948148148148148,2.1703703703703705,65.78148148148148,52.84074074074074,28.692592592592593,9.892592592592594,21.05185185185185,40.51481481481482,4.7145278450363195,2.4261501210653753,69.20024213075061,53.71549636803874,39.62348668280872,3.9661016949152543,32.109200968523005,51.27917675544794,3.233333333333333,4.766666666666667,71.53333333333333,41.23333333333333,33.36666666666667,7.5,22.8,52.86666666666667,Dusan Lajovic,44,"[2014, 2015, 2016, 2017, 2018, 2019, 2020, 2021, 2022, 2023, 2024]",2.039171374764595,6.277547966907235,34.463156354198865,0.5970205428703704,1.109979073595407,1,1,1.0,0,1,187.10096670247046,4.579125958291021
Emil Ruusuvuori,5.939825581395349,4.254360465116279,64.65697674418605,71.28779069767442,51.563372093023254,0.5388402439819312,51.64302325581396,39.464825581395345,7.44360465116279,31.43197674418605,51.743274853801175,0.41872804880448067,6.472244897959184,4.071428571428571,72.51551020408164,52.00448979591837,39.96938775510204,8.062040816326531,31.646530612244895,52.81111111111111,7.137931034482759,4.231034482758621,73.96551724137932,53.86206896551724,34.03793103448276,8.793103448275861,25.16551724137931,48.00689655172414,3.6159420289855073,4.928985507246377,66.00434782608696,49.1463768115942,40.047826086956526,4.7724637681159425,33.3768115942029,49.69275362318841,1.1,3.2,57.4,43.6,33.0,1.1,26.4,42.1,Emil Ruusuvuori,43,"[2019, 2020, 2021, 2022, 2023, 2024]",1.3641097536551172,5.231560693641619,33.33931750270417,0.6554503301083892,1.7417507720716994,1,1,1.0,0,1,238.84953703703704,2.683673521099128
Fabio Fognini,3.9618568232662192,5.144854586129754,59.19854586129754,67.5996644295302,48.361521252796415,0.5258752086437971,49.51890380313199,39.172706935123045,6.164876957494407,31.53042505592841,50.65022371364653,0.43513649314580227,4.693833780160857,5.900804289544236,68.44155495978552,47.92225201072386,37.18418230563003,7.993565683646112,28.7029490616622,49.41769436997319,5.764583333333333,5.039583333333334,70.325,48.96041666666667,35.68333333333333,9.46875,28.235416666666666,48.13958333333333,3.1993644067796607,4.569067796610169,66.6875,48.630932203389825,41.10911016949152,4.369067796610169,34.11822033898305,51.880932203389825,4.3,0.0,53.3,56.3,34.4,13.1,22.9,50.0,Fabio Fognini,71,"[2012, 2013, 2014, 2015, 2016, 2017, 2018, 2019, 2020, 2021, 2022, 2023, 2024]",0.7553797265883256,6.2527496071989725,28.62931733805784,0.6952448141997752,1.4226478804571534,1,1,1.0,0,1,102.2349344978166,4.221317042660329
Felix Auger Aliassime,11.282683982683983,5.381818181818182,63.15692640692641,75.10930735930737,49.95216450216451,0.5523970021009746,51.542640692640695,37.50757575757576,5.292424242424242,31.085497835497836,48.404761904761905,0.39908828774852456,12.078082191780823,5.454109589041096,75.62328767123287,49.515068493150686,36.94554794520548,5.928767123287671,30.229794520547948,47.98732876712329,17.08,5.022857142857143,80.13714285714286,54.68,33.58,7.174285714285714,27.354285714285712,45.065714285714286,8.059259259259258,5.318518518518519,72.69407407407408,49.67185185185185,39.741481481481486,3.428148148148148,33.903703703703705,50.17333333333333,9.45,,,,33.36666666666667,,,,Felix Auger Aliassime,115,"[2017, 2018, 2019, 2020, 2021, 2022, 2023, 2024]",2.058201058201058,6.955605507164935,31.54825177329886,0.6117261214617841,1.4802915078442227,0,0,1.0,0,0,140.54511278195488,3.2221399411786433
Filip Krajinovic,5.859824561403508,2.2749122807017543,63.13631578947368,69.21105263157895,52.40017543859649,0.5554517445169773,51.308070175438594,39.740175438596495,8.296842105263158,31.335263157894733,52.23280701754386,0.44029546665321473,6.910671936758893,2.368774703557312,70.09644268774704,51.411462450592886,36.949407114624506,10.742292490118578,28.538671875,50.933984375,6.573333333333333,2.8733333333333335,68.73333333333333,55.019999999999996,31.386666666666667,15.74,23.516666666666666,47.99444444444444,4.913422818791947,2.115771812080537,68.3489932885906,53.13825503355705,42.62516778523489,5.795637583892617,34.261986301369866,53.597945205479455,7.225,5.95,79.225,50.125,32.65,12.05,31.85,54.775,Filip Krajinovic,35,"[2014, 2016, 2017, 2018, 2019, 2020, 2021, 2022, 2023]",2.4673856836817607,4.732752496761523,33.0835402391505,0.6717435270199519,1.3784338936774767,1,1,1.0,0,1,211.81444759206798,2.723342866496134
Frances Tiafoe,8.56130198915009,3.0236889692585893,61.077576853526224,72.90379746835444,52.33815551537071,0.5802297428061107,50.59764918625678,36.461844484629296,10.452983725135624,27.78264014466546,49.848643761301986,0.39474813617858007,9.017894736842106,3.150526315789474,73.4571052631579,52.24315789473685,36.34552631578947,10.938157894736841,27.314736842105265,50.14447368421053,9.25,3.2942307692307695,75.66346153846153,52.86346153846154,34.14807692307692,12.76346153846154,25.275,48.525000000000006,6.831404958677686,2.5090909090909093,69.9801652892562,52.41074380165289,37.82148760330578,7.936363636363636,30.329752066115702,49.48842975206612,9.45,,,,33.36666666666667,,,,Frances Tiafoe,72,"[2014, 2015, 2016, 2017, 2018, 2019, 2020, 2021, 2022, 2023, 2024]",2.7407664698390644,3.455121834195826,31.96687715861862,0.5803159011397376,1.3010197486084356,0,0,1.0,0,0,137.77777777777777,3.2637005894735878
Francisco Cerundolo,3.3577160493827165,4.005246913580247,64.97006172839507,67.33734567901234,49.584567901234564,0.5708053313990133,51.047999999999995,41.09661538461538,3.7443076923076926,34.671692307692304,51.56,0.43566421416957263,4.381927710843374,4.675903614457831,69.16265060240964,48.84096385542169,37.404761904761905,6.5,28.814285714285717,50.89523809523809,4.211111111111111,4.522222222222222,69.38888888888889,46.788888888888884,37.28888888888889,5.477777777777778,30.15555555555555,50.36666666666667,2.90762331838565,3.71390134529148,66.49237668161435,50.086995515695065,42.79461883408072,2.566367713004484,37.242600896860985,51.90672645739911,9.45,,,,33.36666666666667,,,,Francisco Cerundolo,41,"[2020, 2021, 2022, 2023, 2024]",0.8179084279377493,10.690251320633903,32.21512437319006,0.6494644478465358,1.456940330278921,1,1,1.0,0,1,233.02325581395348,4.4717622330989375
Gael Monfils,10.588530066815144,4.554231625835189,62.25300668151447,73.33608017817372,50.28351893095768,0.5596130228698669,51.301224944320715,38.368930957683745,4.21826280623608,31.699665924276168,48.868262806236075,0.42283914916155246,11.510994764397907,4.687085514834205,74.41064572425829,50.646596858638745,38.31797556719023,4.629842931937173,31.14432809773124,49.314834205933685,13.674683544303797,4.216455696202532,76.35189873417721,51.58227848101266,34.6493670886076,5.2405063291139244,28.336708860759494,45.084810126582276,7.0605932203389825,4.358050847457627,69.4186440677966,49.22415254237288,39.75423728813559,2.8415254237288137,34.22161016949153,49.001271186440675,16.61,4.24,80.39,44.22,37.980000000000004,5.05,30.57,50.03,Gael Monfils,133,"[2005, 2006, 2008, 2009, 2010, 2011, 2013, 2014, 2015, 2016, 2017, 2018, 2019, 2020, 2021, 2022, 2023, 2024]",2.2750328986720905,8.885269998452733,31.30300239978968,0.6410412385762935,1.6075476444747656,0,0,0.9999999179895769,0,0,75.94532803180914,4.658247029689497
Grigor Dimitrov,9.143259803921568,4.3053921568627445,61.90098039215686,75.87046568627451,52.158455882352946,0.5664164442610385,52.01789215686274,37.64191176470588,6.936764705882353,30.07524509803922,49.60931372549019,0.4057306035910703,9.35908256880734,4.374128440366973,76.20899082568808,52.221100917431194,37.37100917431193,7.294128440366973,29.414128440366973,49.682385321100924,12.187654320987654,4.258024691358024,77.94691358024691,53.074074074074076,36.05432098765432,9.098765432098766,28.258024691358028,49.693827160493825,7.160638297872341,4.0638297872340425,73.9436170212766,51.58882978723405,39.166489361702126,4.86595744680851,32.91329787234042,49.397340425531915,13.4,10.2,80.65,51.55,32.45,16.65,17.05,46.2,Grigor Dimitrov,172,"[2011, 2012, 2013, 2014, 2015, 2016, 2017, 2018, 2019, 2020, 2021, 2022, 2023, 2024]",2.0754701235117397,5.3493207941483805,32.28659554858709,0.6088244176521906,1.2890165003192526,0,0,0.9999994530130499,0,0,97.38362068965517,2.2230437788691035
Holger Rune,6.082410423452768,4.213029315960912,62.12019543973942,71.72605863192183,54.07654723127036,0.5706104940394214,51.612377850162865,38.351791530944624,6.157654723127036,30.408143322475567,51.7814332247557,0.4277927781452352,7.8018987341772155,4.475316455696203,73.28291139240507,54.73860759493672,36.55,7.8911392405063285,27.41835443037975,52.05,9.088235294117647,4.147058823529412,76.20588235294117,54.21764705882353,32.88235294117647,6.447058823529411,25.929411764705883,44.30588235294118,3.637121212121212,3.9075757575757573,69.28560606060607,53.26590909090909,41.21287878787879,4.045454545454546,34.56363636363636,52.42272727272727,9.45,,,,33.36666666666667,,,,Holger Rune,68,"[2019, 2021, 2022, 2023, 2024]",1.4102409183596405,6.128780386237051,33.592456827128146,0.6379154247474208,2.0876761259099785,1,1,0.9999999999153788,0,0,198.31451612903226,2.3967294615561583
Hubert Hurkacz,12.105038759689922,3.566860465116279,63.40348837209302,75.49186046511629,52.225387596899225,0.5785830506645989,51.816472868217055,36.83992248062016,6.408527131782946,29.36065891472868,48.82926356589147,0.3918101272905435,12.84142857142857,3.427428571428571,75.74371428571429,52.08742857142857,36.47457142857143,6.989142857142856,28.832285714285714,48.752,14.885,2.42,79.0325,54.6625,32.582499999999996,9.442499999999999,23.732499999999998,46.9225,9.176984126984127,4.318253968253968,73.66825396825398,51.834920634920636,39.20634920634921,3.8325396825396822,32.61507936507937,49.64920634920635,9.45,,,,33.36666666666667,,,,Hubert Hurkacz,291,"[2017, 2018, 2019, 2020, 2021, 2022, 2023, 2024]",3.301199725173088,5.660254883277752,33.11271755228051,0.5773945089061799,1.3842244845581315,0,0,1.0,0,0,177.12541806020067,2.1293713660989524
Hyeon Chung,5.291186440677967,4.170508474576271,62.26983050847457,70.80610169491526,51.603389830508476,0.5212661016052158,52.05830508474577,41.19457627118644,7.811186440677966,32.72237288135593,53.90677966101695,0.4505891296907106,5.710548523206752,3.959915611814346,71.17510548523207,52.62320675105486,41.380168776371306,8.145147679324895,32.869620253164555,53.87468354430379,2.8125,7.3625,61.6125,45.4875,32.7,9.7625,27.3375,41.125,3.7448979591836733,4.689795918367347,70.72244897959183,47.957142857142856,41.987755102040815,5.642857142857143,33.42448979591837,56.22857142857143,1.5,3.1,61.0,37.5,26.3,19.3,6.5,50.0,Hyeon Chung,21,"[2015, 2016, 2017, 2018, 2019]",1.239006191458962,5.207130002570914,32.13334338408503,0.7252755759995383,1.4852275883074886,1,1,1.0,0,1,207.10928961748633,4.644744172518218
Jack Draper,11.776470588235293,4.609954751131221,59.811764705882354,77.85248868778281,51.290497737556564,0.5663035393815131,52.770135746606336,38.9,8.197737556561087,30.8841628959276,52.45475113122172,0.4294449188419041,12.328915662650601,4.771084337349397,78.29759036144578,51.36144578313253,39.86506024096386,8.093975903614457,31.977108433734937,53.13253012048193,12.941379310344828,4.289655172413793,78.94827586206897,51.65172413793104,35.806896551724144,10.337931034482759,27.858620689655172,49.88965517241379,6.949999999999999,3.9384615384615387,73.78846153846153,50.434615384615384,36.18846153846154,6.473076923076923,27.28076923076923,50.98846153846154,9.45,,,,33.36666666666667,,,,Jack Draper,26,"[2021, 2022, 2023, 2024]",2.500336247478144,4.688024866397644,30.677751823263243,0.6445184416107564,1.7487823634965394,0,0,0.9999999999154081,0,0,235.48026315789474,4.119028122694024
Jan Lennard Struff,10.498081841432224,4.672634271099744,56.36675191815857,75.89117647058823,51.20524296675192,0.564807640867224,51.237212276214834,37.59462915601023,8.338107416879796,29.24002557544757,50.567007672634276,0.4005501255299344,11.537170263788969,4.604076738609113,76.77817745803357,50.79232613908873,36.8074340527578,9.631414868105516,28.119424460431652,50.451079136690645,14.51551724137931,4.88448275862069,80.05689655172414,52.08965517241379,31.92241379310345,11.96896551724138,23.599999999999998,46.258620689655174,8.312871287128713,4.696699669966996,73.83234323432343,51.7026402640264,39.86567656765676,5.797359735973597,32.01353135313531,51.64356435643565,9.45,6.925,78.975,43.75,29.875,13.325,17.75,43.575,Jan Lennard Struff,56,"[2014, 2015, 2017, 2018, 2019, 2020, 2021, 2022, 2023, 2024]",2.199640962435025,4.455339011305428,28.86273227215939,0.6025052976338048,1.3713713035691255,0,0,1.0,0,0,157.66561514195584,3.113088944339415
Jannik Sinner,7.536246786632391,2.802827763496144,59.522365038560416,75.13804627249357,54.9758354755784,0.5920047842357965,53.5107969151671,40.77223650385604,6.670437017994859,32.7560411311054,53.6331619537275,0.4565065369235549,8.342748091603054,2.750381679389313,76.65458015267176,55.4969465648855,40.44465648854962,7.5503816793893135,32.0824427480916,53.78893129770993,9.761764705882353,2.8676470588235294,77.37941176470588,57.33235294117647,37.41470588235294,9.117647058823529,28.75294117647059,52.69705882352941,4.450537634408602,2.9268817204301074,70.04623655913979,52.64623655913979,42.92258064516129,3.296774193548387,36.11720430107527,53.53655913978494,9.45,,,,33.36666666666667,,,,Jannik Sinner,201,"[2019, 2020, 2021, 2022, 2023, 2024]",2.5961742826780023,6.022098188859779,32.722917474772174,0.659686966510918,1.8333543774080439,1,1,1.0,0,1,144.51576576576576,4.614886353643485
Jaume Munar,4.272255489021957,3.608183632734531,65.31516966067865,69.0746506986028,49.38942115768463,0.5391093056480454,51.40179640718563,40.79481037924152,4.324351297405189,34.3125748502994,51.11017964071856,0.4293242248819417,6.352054794520548,3.9719178082191777,71.26164383561644,50.31643835616438,38.11506849315069,6.791780821917809,29.97945205479452,50.39109589041096,5.9,5.873333333333333,70.66000000000001,47.32,33.67333333333333,8.08,25.493333333333336,45.64666666666667,3.3073529411764704,3.3520588235294118,68.06558823529411,49.082647058823525,42.25970588235294,3.0991176470588235,36.56235294117647,51.660000000000004,9.45,,,,33.36666666666667,,,,Jaume Munar,25,"[2018, 2019, 2021, 2022, 2023, 2024]",1.1521154053181184,9.220517910313093,32.25878422356883,0.6717539880703421,1.8642197929538078,1,1,1.0,0,1,209.3235294117647,3.3290440251613065
Jiri Lehecka,7.08609022556391,3.108270676691729,63.98233082706766,71.15601503759399,51.4,0.6076329528867123,50.73007518796993,37.19924812030075,5.9906015037593985,29.977819548872183,48.484962406015036,0.40852480330863794,8.395714285714286,2.9792857142857145,71.81142857142858,51.166428571428575,34.96071428571429,7.319285714285715,27.771428571428572,47.12785714285714,9.854545454545455,3.3818181818181823,74.48181818181818,54.3,32.5,9.427272727272728,23.4,48.5,5.2269565217391305,3.239130434782609,70.04,51.40695652173913,40.37391304347826,4.044347826086956,33.29304347826087,50.135652173913044,9.45,,,,33.36666666666667,,,,Jiri Lehecka,44,"[2019, 2021, 2022, 2023, 2024]",2.208694633231779,6.107647676069378,32.88691804511278,0.5773117286894358,1.5760808730936058,0,0,1.0,0,1,202.27659574468086,3.712232309651483
Joao Sousa,4.5269531249999995,2.816015625,61.30286458333333,69.46328125000001,50.224641460234686,0.5435338484280584,49.737841352405724,37.74044213263979,7.117295188556567,30.035630689206762,49.43966189856957,0.3901648884657758,5.118882978723405,3.0417553191489364,70.64414893617021,50.646010638297874,36.84813829787234,8.673936170212766,28.560106382978724,49.45718085106383,5.681632653061224,1.6571428571428573,72.61224489795919,54.477551020408164,34.46530612244898,9.489795918367347,26.532692307692308,48.26923076923077,3.682300884955752,2.7412979351032445,67.6023598820059,49.13934911242603,39.26176470588236,4.976764705882353,32.27100591715976,49.629585798816564,6.325,2.125,77.6,50.225,32.425,13.675,23.833333333333332,46.13333333333333,Joao Sousa,30,"[2013, 2014, 2015, 2016, 2017, 2018, 2019, 2022, 2024]",1.5524447421299394,5.229167042035279,30.789143941832357,0.6062849520950924,1.3533780453807787,1,1,0.9999999443580834,0,1,199.32397191574725,3.6427102262571
John Millman,5.1451838879159375,2.4322241681260945,61.953590192644484,69.19474605954466,53.44518388791594,0.5328492084057113,51.503502626970224,39.78511383537653,7.173029772329247,31.52556917688266,52.213134851138356,0.4436680026429244,5.4810551558753,2.3611510791366905,69.95083932853717,53.99880095923261,40.36354916067146,7.353717026378897,31.894004796163067,52.817985611510785,4.642592592592592,2.4925925925925925,68.89074074074074,52.8074074074074,34.86296296296296,10.442592592592591,26.12222222222222,49.78333333333334,3.7593023255813955,2.7174418604651165,65.28488372093024,50.75581395348837,40.3453488372093,4.469767441860465,33.26395348837209,51.06511627906977,5.5928571428571425,2.564285714285714,71.86428571428571,55.93571428571429,38.1,5.785714285714286,30.714285714285715,50.621428571428574,John Millman,28,"[2014, 2015, 2016, 2018, 2019, 2020, 2021, 2022, 2023, 2024]",2.031883256103465,5.470225625466541,33.1112102036247,0.7010643242497266,1.4202191726582578,1,1,1.0,0,1,248.35958005249344,2.9110154559455395
Jordan Thompson,8.019551282051282,2.56073717948718,62.72948717948717,72.18525641025641,52.6438202247191,0.5498281582212183,51.4528,38.417307692307695,6.096634615384616,31.284294871794874,49.74278846153846,0.4039343636343017,8.089016018306637,2.68604118993135,72.05949656750572,52.38142201834862,39.00091533180778,6.212814645308924,31.71784897025172,50.251258581235696,9.404123711340207,2.1690721649484535,75.09278350515464,54.832989690721654,37.54742268041237,6.4649484536082475,29.781443298969073,51.09690721649484,6.079545454545454,2.3272727272727276,69.7909090909091,51.61590909090909,36.70227272727273,5.023863636363637,30.86590909090909,46.190909090909095,11.05,4.45,64.0,48.9,28.549999999999997,10.05,27.849999999999998,29.25,Jordan Thompson,32,"[2015, 2016, 2017, 2018, 2019, 2021, 2022, 2023, 2024]",3.0140336083840262,6.199705174955389,33.02319845865745,0.6216018166094797,1.3089985465446563,0,0,1.0,0,0,155.3804491413474,3.992172256597093
Karen Khachanov,9.463001745200698,3.2038394415357767,61.632635253054104,73.98987783595113,52.05979020979021,0.563775154917586,51.19912891986063,37.23466898954704,7.093205574912892,28.98745644599303,50.32439024390244,0.41796070896772697,10.538786279683377,3.2448548812664906,75.38179419525066,52.399735449735445,36.89315789473684,7.985263157894737,28.158684210526314,50.92236842105263,10.276923076923078,3.1333333333333333,74.77692307692308,51.18205128205128,33.69230769230769,7.887179487179488,24.053846153846155,49.00769230769231,6.62774193548387,3.1212903225806454,70.3883870967742,51.45161290322581,38.96322580645161,4.7064516129032254,32.26064516129032,49.18967741935484,9.45,,,,33.36666666666667,,,,Karen Khachanov,98,"[2015, 2016, 2017, 2018, 2019, 2020, 2021, 2022, 2023, 2024]",2.8642438328667263,5.176366586742232,32.08582061350517,0.6296721199509505,1.5664670822314188,0,1,0.9967283445529761,0,0,94.63608562691131,2.0605509387324727
Karim Mohamed Maamoun,3.407042253521127,4.583098591549295,61.63380281690141,66.74225352112676,48.2169014084507,0.5001740239416296,48.361971830985915,37.11971830985915,7.391549295774647,27.495774647887323,50.73098591549296,0.4042942190829515,4.177142857142857,4.1,67.32,50.14857142857143,36.277142857142856,9.048571428571428,25.802857142857142,50.31142857142857,8.752380952380953,,,,34.104,,,,2.658333333333333,5.052777777777778,66.18055555555556,46.33888888888889,37.93888888888889,5.780555555555555,29.141666666666666,51.138888888888886,9.45,,,,33.36666666666667,,,,Karim Mohamed Maamoun,46,"[2017, 2018, 2019, 2020]",0.7275187969924813,4.954878736604625,29.717909938504263,0.6736283193793663,1.5143720328010357,1,1,1.0,0,1,552.0443740095087,5.760362186981569
Kei Nishikori,4.184788732394366,3.363802816901409,61.46647887323943,70.57577464788733,53.71295774647887,0.5625420114643613,51.770323488045,39.69929676511955,7.99310829817159,30.69057665260197,53.19057665260197,0.4293599325722975,4.551898734177215,3.510970464135021,70.9620253164557,53.609915611814344,39.12378947368421,8.852631578947369,29.60084210526316,52.90694736842105,4.897142857142858,3.3,70.72285714285715,55.05142857142857,37.10142857142857,9.574285714285715,28.597142857142856,52.18,2.8361445783132533,2.9704819277108436,69.41084337349398,53.44277108433735,42.44156626506024,4.866867469879518,34.69156626506024,54.42831325301205,9.45,,,,33.36666666666667,,,,Kei Nishikori,116,"[2008, 2011, 2012, 2013, 2014, 2015, 2016, 2017, 2018, 2019, 2021, 2023, 2024]",1.208148660187858,4.905321330506412,33.01546382543145,0.6480493691612387,1.5502978864862895,1,1,1.0,0,1,99.33333333333333,2.3513025654130213
Kyle Edmund,7.359285714285715,3.4778571428571428,59.33095238095238,73.295,53.31809523809523,0.5565148040363652,51.49285714285714,37.95404761904762,8.211428571428572,29.294999999999998,51.32261904761905,0.416768069633966,8.177142857142856,3.309285714285714,74.1525,53.355714285714285,37.739285714285714,8.677857142857144,28.325714285714284,51.96535714285714,7.3394736842105255,3.8342105263157893,72.97631578947369,52.62105263157895,34.25526315789474,10.276315789473685,26.00263157894737,48.46842105263158,5.12156862745098,3.8078431372549018,71.05980392156863,53.47450980392156,39.92156862745098,6.161764705882353,33.18235294117647,50.621568627450976,9.45,,,,33.36666666666667,,,,Kyle Edmund,31,"[2015, 2016, 2017, 2018, 2019, 2020, 2023]",2.0568975843481736,4.566489056949696,31.634133696145124,0.6348189973350253,1.566031865243281,1,1,0.9999999657725015,0,1,252.75178571428572,3.0612775076996273
Laslo Djere,5.949407114624506,4.637747035573122,60.073122529644266,69.5701581027668,50.0296442687747,0.543086563526348,49.9397233201581,38.136561264822134,4.440316205533597,30.249604743083,50.492490118577074,0.4264050271656799,7.721739130434783,4.472670807453416,69.8751552795031,48.03975155279503,34.32608695652174,6.107453416149068,25.681366459627327,48.27329192546584,8.752380952380953,3.9857142857142858,73.9047619047619,50.44285714285714,32.03809523809524,8.109523809523811,22.96666666666667,46.8,4.887037037037038,4.762037037037038,69.13765432098765,50.99166666666667,40.425308641975306,3.3740740740740742,32.99166666666667,51.83456790123457,9.45,,,,33.36666666666667,,,,Laslo Djere,39,"[2015, 2017, 2018, 2019, 2020, 2021, 2022, 2023, 2024]",1.255746047636925,8.399538608862192,30.054369502726175,0.6630600783003447,1.5483620981933839,1,1,1.0,0,1,195.20539730134934,3.9754943904798643
Lorenzo Musetti,4.57621776504298,2.753295128939828,64.1971346704871,69.24441260744986,52.595702005730665,0.5491789934940201,50.95759312320917,38.92063037249284,5.391117478510028,31.59025787965616,50.93696275071633,0.42922724750270497,5.73974358974359,2.8474358974358975,70.30448717948718,52.30897435897436,36.26282051282051,7.203205128205129,28.15448717948718,49.444871794871794,5.764285714285714,3.6392857142857147,73.23214285714286,53.396428571428565,34.957142857142856,8.957142857142857,26.564285714285713,49.15714285714286,3.2745454545454544,2.513939393939394,67.56545454545454,52.730909090909094,42.10606060606061,3.0727272727272728,35.691515151515155,52.649696969696976,9.45,,,,33.36666666666667,,,,Lorenzo Musetti,80,"[2019, 2020, 2021, 2022, 2023, 2024]",1.6038361116690096,7.087925276560218,33.764933647507,0.6611847453543008,1.700893843943413,1,1,1.0,0,1,123.7372654155496,1.8466338513738354
Lorenzo Sonego,7.541176470588235,2.7401960784313726,64.7156862745098,72.59411764705882,51.658235294117645,0.5565164572977357,50.89725490196078,36.59882352941177,3.748823529411765,29.70156862745098,47.73137254901961,0.3985216880069821,8.834099616858238,2.669348659003832,73.91609195402299,52.23793103448276,35.97126436781609,4.535632183908046,28.80727969348659,47.655938697318014,9.795,2.6525,74.17999999999999,52.277499999999996,34.0675,5.3175,26.8225,45.555,5.4952153110047846,2.8454545454545457,70.6397129186603,50.81578947368421,37.86698564593301,2.466028708133971,31.36937799043062,48.242105263157896,9.45,,,,33.36666666666667,,,,Lorenzo Sonego,43,"[2018, 2019, 2020, 2021, 2022, 2023, 2024]",2.655160510873317,9.509093687910743,33.43098148788928,0.6070246732996203,1.5788667863206531,0,0,0.9999992638615046,0,1,201.87396351575455,4.315563664931508
Lucas Pouille,8.099049429657795,4.444486692015209,56.506083650190114,72.65076045627377,52.08174904942966,0.5890836728078779,50.68269961977186,37.390114068441065,7.365589353612168,29.55760456273764,49.51026615969582,0.40759948446361766,9.284313725490197,4.583333333333333,73.95196078431373,51.977450980392156,36.59444444444444,7.973529411764706,28.36078431372549,49.42941176470588,10.464,4.336,76.12,53.211999999999996,33.618,10.716,25.522,45.68600000000001,5.27,4.226470588235294,69.28823529411764,51.937058823529405,39.93176470588235,5.285882352941177,32.898823529411764,50.780588235294125,9.45,,,,33.36666666666667,,,,Lucas Pouille,45,"[2014, 2015, 2016, 2017, 2018, 2019, 2021, 2024]",1.7821703480589024,5.008327179199878,29.42935668435282,0.5915094212038596,1.7289224814693107,0,0,1.0,0,0,186.0326264274062,3.1333365698537143
Mackenzie Mcdonald,6.286373165618448,3.3863731656184486,63.12264150943396,70.50922431865828,51.71551362683438,0.5614438439778705,50.99601677148846,38.77631027253668,7.181970649895178,30.179874213836477,51.66561844863732,0.42199743935889933,6.521606648199446,3.6005540166204986,71.02382271468143,51.691689750692525,39.29196675900277,7.199999999999999,30.551800554016623,52.2415512465374,7.247540983606558,2.819672131147541,72.77049180327869,55.04754098360656,35.87868852459016,9.111475409836064,26.686885245901642,49.79344262295082,3.6763636363636363,2.609090909090909,64.62363636363636,48.17636363636363,38.60545454545455,4.923636363636364,31.612727272727273,49.96181818181818,9.45,,,,33.36666666666667,,,,Mackenzie Mcdonald,24,"[2015, 2018, 2019, 2021, 2022, 2023, 2024]",1.8031268791340949,5.324974809270188,32.64419827142913,0.6379943561361769,1.7269540955752025,1,1,0.9999999999999063,0,1,192.6123595505618,1.9095571450954807
Marco Cecchinato,5.2103546099290785,3.42113475177305,65.11446808510638,68.79929078014185,51.766241134751766,0.5388955517471425,50.8758865248227,38.51787234042553,4.831347517730497,31.660567375886526,50.046950354609926,0.41376618831743656,7.312371134020618,4.471134020618557,69.02886597938145,49.42061855670103,29.27938144329897,10.918556701030926,21.49278350515464,41.90618556701031,6.363636363636363,4.618181818181818,65.48181818181818,44.78181818181818,26.61818181818182,14.700000000000001,18.954545454545453,39.300000000000004,4.847571189279732,3.2284757118927976,68.82311557788945,52.27604690117253,40.23819095477387,3.6604690117252936,33.54673366834171,51.5676716917923,9.45,,,,33.36666666666667,,,,Marco Cecchinato,28,"[2014, 2016, 2017, 2018, 2019, 2020, 2021, 2022]",1.4797373509506928,7.81082091698786,33.70731256254715,0.6476272798987869,1.4779718884823474,1,1,1.0,0,1,206.4244946492271,5.663993769644268
Marcos Giron,6.624248927038627,2.890772532188841,61.461158798283265,72.10515021459227,50.98197424892704,0.5583809414043173,50.28412017167382,36.92467811158799,7.688412017167383,28.88884120171674,49.6519313304721,0.38890056685195806,6.712078651685394,3.0426966292134834,72.31769662921347,51.22050561797753,37.141573033707864,7.795224719101124,29.038764044943818,49.91011235955056,7.874418604651163,2.302325581395349,75.83488372093024,53.7093023255814,33.56279069767442,10.19767441860465,24.706976744186047,48.37441860465116,5.355223880597015,2.461194029850746,68.58208955223881,47.96417910447761,37.92985074626866,5.51044776119403,30.776119402985074,49.099999999999994,9.45,,,,33.36666666666667,,,,Marcos Giron,26,"[2013, 2018, 2019, 2021, 2022, 2023, 2024]",2.2148956016359334,4.740976469939936,31.33411215163293,0.5906923217164195,1.2303947186400037,0,0,0.9999754225457725,0,0,307.05537459283386,3.060056159453183
Marin Cilic,11.853829078801331,3.6752497225305216,56.96037735849057,77.2,52.90710321864595,0.5731051552066128,52.10543840177581,37.894450610432855,6.979578246392897,30.28057713651498,49.88745837957824,0.4011693315872023,12.151766784452295,3.7683745583038872,77.38038869257952,52.80229681978798,37.580388692579504,7.470671378091872,29.529151943462896,49.91572438162544,15.465454545454547,3.7199999999999998,81.17272727272727,53.839999999999996,36.161818181818184,8.17909090909091,28.811818181818182,49.1,9.3036866359447,3.399078341013825,74.87695852534561,52.81889400921659,39.79539170506913,5.224884792626728,33.12626728110599,50.40783410138249,10.2875,3.9625,72.825,49.8875,32.375,3.3375,26.45,44.6,Marin Cilic,98,"[2009, 2010, 2011, 2012, 2013, 2014, 2015, 2016, 2017, 2018, 2019, 2020, 2021, 2022, 2024]",3.139879464941937,5.3526423879473874,30.136085642786842,0.5959980078655935,1.2922343390307498,0,0,1.0,0,0,75.40135396518376,2.880803216257206
Martin Klizan,5.52013422818792,4.6375838926174495,57.16090604026846,69.0489932885906,50.57953020134229,0.5698004575927492,50.33875838926175,39.214597315436244,7.40285234899329,31.1756711409396,51.841442953020135,0.4493850974161533,6.893073593073593,5.014718614718615,70.02640692640693,49.52294372294372,35.976190476190474,9.413419913419913,26.91125541125541,50.071861471861475,5.7444444444444445,4.461111111111111,69.92222222222222,47.45,29.97222222222222,9.961111111111112,21.08888888888889,47.41111111111111,4.594524495677233,4.395677233429395,68.35302593659942,51.445244956772335,41.84985590778098,5.931700288184438,34.53775216138329,53.2492795389049,9.45,,,,33.36666666666667,,,,Martin Klizan,23,"[2014, 2015, 2016, 2017, 2018, 2019]",1.1651792038532371,5.22662522083324,28.911717733998472,0.6709238435447406,1.468321999261226,1,1,1.0,0,1,229.0669099756691,3.9611406077023568
Marton Fucsovics,5.931388012618297,4.2728706624605675,58.06435331230284,70.9351735015773,52.08880126182966,0.5552382357549321,51.26372239747634,39.853627760252365,3.806309148264984,32.45851735015773,51.27933753943218,0.4219149302894557,6.649210526315789,4.145526315789474,72.13605263157895,52.42342105263158,39.605,4.1284210526315785,32.002105263157894,51.34157894736842,7.785416666666666,6.160416666666666,75.00625000000001,50.833333333333336,36.58958333333333,6.377083333333334,28.26875,50.012499999999996,4.158910891089109,3.980693069306931,67.63168316831684,51.82178217821782,41.16039603960396,2.516831683168317,34.4529702970297,51.44653465346535,5.0,8.475,74.825,48.85,36.65,7.475,25.375,52.125,Marton Fucsovics,46,"[2015, 2017, 2018, 2019, 2020, 2021, 2022, 2023, 2024]",1.356406002019911,10.202374222724703,30.24502560081203,0.643910729359905,1.5612466887315932,1,1,1.0,0,1,199.48346055979644,4.1197559049714245
Matteo Arnaldi,5.981512605042016,4.14327731092437,59.180672268907564,69.37058823529412,50.56848739495798,0.5678050214182392,50.82100840336134,39.94117647058823,4.060504201680672,32.54453781512605,51.29117647058823,0.4304147011883047,7.2650943396226415,4.29811320754717,71.03679245283018,49.9566037735849,37.76320754716981,5.393396226415095,30.159433962264153,49.60283018867924,8.5,4.0,70.1,57.4375,33.2875,6.525,25.1875,46.1625,4.721774193548387,4.020161290322581,67.8991935483871,50.648387096774194,42.23225806451613,2.7620967741935485,35.05806451612903,53.065322580645166,9.45,,,,33.36666666666667,,,,Matteo Arnaldi,20,"[2022, 2023, 2024]",1.4096445192593323,9.600080791759241,29.92677079655391,0.64452151059634,1.5067263724924027,1,1,1.0,0,1,320.4560810810811,3.627339863941448
Matteo Berrettini,11.722418136020151,2.4229219143576826,63.10176322418136,77.94458438287154,54.159949622166245,0.5956714654355045,51.9551637279597,35.65037783375315,5.684886649874056,28.908564231738037,46.6911838790932,0.3812970427524436,12.075757575757576,2.3917748917748916,77.5961038961039,53.07662337662338,35.038528138528136,6.286580086580087,28.060606060606062,46.29393939393939,15.807017543859649,2.47719298245614,80.76315789473684,55.95789473684211,34.6578947368421,6.321052631578947,27.957894736842103,46.85964912280702,8.837614678899083,2.460550458715596,77.2091743119266,55.51559633027523,37.46605504587156,4.077064220183486,31.20275229357798,47.444954128440365,9.45,,,,33.36666666666667,,,,Matteo Berrettini,98,"[2016, 2018, 2019, 2020, 2021, 2022, 2023, 2024]",4.646365814696486,6.162675259078638,34.17588317291525,0.5480992993060939,1.351116378318185,0,0,1.0,0,0,189.0405982905983,4.106056326354412
Maxime Cressy,18.095757575757577,10.137878787878789,61.799090909090914,79.5160606060606,51.95818181818182,0.5444634188350765,51.03575757575757,33.63181818181818,7.295151515151516,27.414545454545454,44.593939393939394,0.38422035406661076,19.192857142857143,9.811111111111112,79.98095238095239,52.76706349206349,33.915079365079364,7.398809523809524,27.61547619047619,45.20317460317461,16.565853658536586,10.339024390243901,81.70487804878049,53.54390243902439,33.380487804878044,9.11219512195122,27.114634146341466,44.10243902439024,12.072222222222223,12.23611111111111,73.83055555555556,44.325,32.00833333333333,4.583333333333333,26.424999999999997,40.96388888888889,21.2,8.7,77.3,57.9,31.0,4.3,24.7,41.9,Maxime Cressy,37,"[2019, 2020, 2021, 2022, 2023, 2024]",1.767529968921119,4.54782002950336,32.10968401652893,0.5961864441602013,1.5767751189932842,0,0,1.0,-1,0,224.58333333333334,7.6858706759215005
Mikhail Kukushkin,4.146852300242131,1.917675544794189,61.543462469733655,67.81864406779661,53.50145278450363,0.5628101176217166,50.64237288135593,38.976513317191284,8.301210653753026,29.90230024213075,52.71186440677966,0.43672490337074593,4.831851851851852,1.9635185185185184,69.1562962962963,54.39462962962963,38.67425925925926,9.181296296296296,29.06240740740741,53.07796296296296,3.9716666666666662,1.5599999999999998,67.415,51.031666666666666,35.46333333333334,10.615,26.95,49.89,2.492857142857143,1.8986607142857144,64.60089285714285,52.11741071428571,40.79821428571428,5.437946428571428,32.918303571428574,52.63883928571429,9.7,2.4000000000000004,79.15,41.45,21.95,21.95,7.45,46.7,Mikhail Kukushkin,22,"[2014, 2015, 2017, 2019, 2020, 2021, 2022]",2.0552622104884195,4.639392454679079,32.92664651519326,0.6588989693425237,1.8635241301907968,1,1,0.9999999999999987,0,1,156.64638783269962,4.9174318414908385
Milos Raonic,20.234529914529915,4.264444444444444,62.4251282051282,81.9574358974359,56.013162393162396,0.5516931807530759,52.86222222222222,34.51609589041096,6.832020547945206,27.272945205479452,46.28065068493151,0.3804889451720046,20.99140049140049,4.519164619164619,82.6911547911548,55.749631449631444,34.566256157635465,6.846551724137931,27.139162561576356,46.193842364532024,23.492592592592594,4.037037037037037,82.37283950617284,59.45061728395062,32.78888888888889,8.892592592592592,24.71851851851852,46.95432098765432,14.338144329896906,3.3855670103092783,78.5319587628866,54.248453608247424,35.748453608247424,5.050515463917526,29.965979381443297,46.08144329896907,9.45,,,,33.36666666666667,,,,Milos Raonic,98,"[2009, 2011, 2012, 2013, 2014, 2015, 2016, 2017, 2018, 2019, 2020, 2021, 2023, 2024]",4.6362212125959585,4.9792258478867675,34.96628843567829,0.583846749374182,1.4538849322855036,0,0,1.0,-1,0,138.0909090909091,7.060824314641717
Miomir Kecmanovic,5.356416464891041,2.7065375302663437,60.50581113801453,70.6765133171913,53.92203389830508,0.5450428055437276,50.78014527845036,37.75048543689321,9.086407766990291,28.889805825242718,51.584466019417476,0.40854170943099527,5.715789473684211,2.8357142857142854,71.58045112781956,54.61992481203007,37.229433962264146,10.035094339622642,28.082641509433962,51.35358490566038,6.582352941176471,2.9205882352941175,73.05882352941177,52.91470588235294,33.23529411764706,11.320588235294117,23.776470588235295,50.06470588235294,4.1415929203539825,2.338053097345133,67.83185840707965,52.58230088495576,40.33097345132743,6.189380530973451,32.3212389380531,52.58318584070796,9.45,,,,33.36666666666667,,,,Miomir Kecmanovic,47,"[2017, 2019, 2020, 2021, 2022, 2023, 2024]",1.9085497368648088,4.109384908053266,32.625963992284646,0.6333559663325322,1.3475572929820903,1,1,1.0,0,1,195.52226720647772,3.395211931605581
Nicolas Jarry,11.098076923076922,3.457692307692308,63.168461538461536,75.42057692307692,54.05730769230769,0.5725260159401473,51.44365384615385,35.731153846153845,5.787884615384615,28.359038461538464,47.240961538461534,0.39885528776217033,12.517964071856287,3.136526946107784,76.76766467065869,52.06586826347306,33.9125748502994,7.890419161676647,25.91616766467066,46.541916167664674,12.49,3.085,73.125,52.65,32.55,7.13,24.9,45.235,10.302402402402402,3.641141141141141,74.88288288288288,55.14054054054054,36.83423423423423,4.652852852852853,29.791891891891893,47.71201201201201,9.45,,,,33.36666666666667,,,,Nicolas Jarry,58,"[2017, 2018, 2019, 2020, 2022, 2023, 2024]",3.119459459459459,6.068589345788288,34.14716961834319,0.593070421528001,1.2033724122194411,0,0,1.0,0,0,267.40030911901084,2.658564378796056
Nikoloz Basilashvili,4.5702317290552585,5.167201426024956,60.30980392156863,66.94652406417113,49.03761140819964,0.5419174266233275,48.94616755793226,37.719073083778966,9.10409982174688,29.70695187165775,50.00053475935829,0.40948999522660845,5.448562300319489,5.220127795527157,67.83897763578274,49.154632587859425,37.496485623003196,9.750479233226837,29.115015974440894,50.613099041533545,4.6825,4.96,70.00750000000001,52.105,31.817500000000003,14.094999999999999,22.775,47.2975,3.2133004926108373,5.1064039408866995,64.85714285714286,48.275369458128075,39.114778325123154,7.2320197044334975,31.874876847290643,49.49014778325123,3.78,5.9799999999999995,71.42,48.12,42.2,4.720000000000001,34.2,54.0,Nikoloz Basilashvili,47,"[2014, 2015, 2016, 2017, 2018, 2019, 2020, 2021, 2022]",0.8676774171714778,4.098073012491527,29.57448728810597,0.6379169317471953,1.6444516011966344,1,1,1.0,0,1,269.53827460510325,5.751972128508739
Novak Djokovic,7.651193225558122,2.9374133949191683,64.9746728252502,75.03464203233257,56.884911470361814,0.5644672126524634,55.40546574287914,42.9841416474211,6.408006158583526,34.48622016936105,55.890916089299466,0.4709909574363502,8.261557478368356,3.1025957972805935,75.90111248454883,57.52323856613103,42.788009888751546,7.18380716934487,33.628553770086526,56.43399258343634,9.974820143884893,2.9805755395683455,78.35971223021583,56.7568345323741,40.253956834532374,7.536690647482014,31.507194244604317,54.05467625899281,5.188563049853372,2.5161290322580645,71.65513196480939,55.59325513196481,44.67243401759531,4.042521994134898,37.899120234604105,55.34193548387096,9.95,3.34,73.96000000000001,51.07,39.230000000000004,8.620000000000001,28.9,56.2,Novak Djokovic,577,"[2005, 2006, 2007, 2008, 2009, 2010, 2011, 2012, 2013, 2014, 2015, 2016, 2017, 2018, 2019, 2020, 2021, 2022, 2023, 2024]",2.518983171127332,6.6048096144974515,36.960785114800814,0.7088249780695994,1.5621554287033435,1,1,1.0,0,1,27.211551844119693,7.311111929719496
Pablo Carreno Busta,5.341307578008915,2.5057949479940564,63.40713224368499,70.40609212481426,52.622436849925705,0.558157036090507,51.5147102526003,39.413670133729575,7.6246656760772655,30.78662704309064,52.16255572065379,0.432415435028863,6.03687707641196,2.5561461794019933,71.06146179401993,53.496345514950164,37.620598006644514,9.887043189368772,28.077740863787373,51.936544850498336,4.58,2.71,68.765,51.739999999999995,31.275,14.065000000000001,23.64,44.83,4.7897727272727275,2.4511363636363637,69.93892045454545,51.925284090909095,41.409375000000004,5.324147727272727,33.50909090909091,52.77244318181818,9.45,,,,33.36666666666667,,,,Pablo Carreno Busta,66,"[2014, 2015, 2016, 2017, 2018, 2019, 2020, 2021, 2022, 2024]",2.049780464161487,5.1023140400484746,33.36637812328202,0.6570095149288946,1.2345925696589646,1,1,1.0,0,1,173.3584686774942,2.2712509010294206
Pedro Martinez,2.6087982832618026,4.905150214592275,65.68733905579398,66.11480686695279,48.95161290322581,0.5467409949871891,50.60815450643777,41.00815450643777,7.357510729613733,33.09420600858369,53.2447311827957,0.4324802899803897,3.4964788732394365,5.140845070422535,66.56760563380281,47.48521126760563,37.81760563380282,10.199295774647887,28.227464788732394,52.98732394366197,2.8000000000000003,5.678571428571429,62.778571428571425,47.33571428571429,34.635714285714286,12.421428571428573,26.207142857142856,49.08571428571429,2.193548387096774,4.7622580645161285,66.05806451612904,49.69870550161812,42.75741935483871,5.827096774193548,35.634516129032264,53.55145631067962,9.45,,,,33.36666666666667,,,,Pedro Martinez,27,"[2018, 2019, 2020, 2021, 2022, 2023, 2024]",0.5212227748242154,5.498906537753224,32.15501194102173,0.6687070919154529,1.5244844594996136,1,1,1.0,0,1,261.5080058224163,3.407332018136739
Pierre Hugues Herbert,11.452741935483871,5.303870967741935,57.25306451612904,76.08064516129032,51.81322580645161,0.5577835720350327,50.457419354838706,35.127741935483876,6.156451612903226,27.96870967741935,46.61129032258064,0.3773365356939944,12.314388489208634,5.254436450839329,77.28609112709832,51.887050359712234,35.15467625899281,6.516786570743405,27.485611510791365,47.31199040767386,12.110344827586207,6.458620689655173,75.53275862068965,51.35,33.717241379310344,6.777586206896552,27.23793103448276,44.36724137931035,8.462142857142858,4.987857142857142,72.75214285714286,51.621428571428574,35.64928571428571,4.7507142857142854,29.82357142857143,45.34714285714286,15.7,4.88,75.1,56.4,34.64,8.26,24.8,49.6,Pierre Hugues Herbert,22,"[2014, 2015, 2016, 2017, 2018, 2019, 2020, 2021, 2023, 2024]",2.11935888252149,5.614642949213716,29.66465959885536,0.5736484639265177,1.4382367468834643,0,0,0.9999999999999997,0,0,214.3414948453608,3.0851377201364474
Radu Albot,2.9026751592356685,3.5203821656050955,64.96585987261146,66.22229299363057,50.485222929936306,0.5456379737016088,50.42127388535032,39.946624203821656,6.95859872611465,31.635668789808918,52.45732484076433,0.44236983753036485,3.5027777777777778,3.450641025641026,67.06452991452991,51.31923076923077,39.562606837606836,7.877991452991453,31.01880341880342,52.03717948717949,4.456,3.242,70.314,53.416000000000004,36.93,10.44,27.968000000000004,52.092,1.5451127819548873,3.68796992481203,64.02706766917294,48.48984962406015,41.231954887218045,4.677067669172932,33.529323308270676,53.28195488721804,5.5,5.5,51.4,44.4,28.6,9.5,0.0,48.0,Radu Albot,24,"[2014, 2015, 2016, 2017, 2019, 2021, 2022, 2023, 2024]",0.8017593244194229,5.6592853275582025,32.79815918503793,0.6851670062003086,2.129202214097095,1,1,1.0,0,1,229.05571293673276,3.2948182269538844
Rafael Nadal,4.424628616106333,2.2866301798279904,67.81282251759187,73.10750586395622,57.91634089132135,0.5690631828911965,55.32470680218921,43.37912431587178,6.939093041438624,35.1532447224394,56.000234558248636,0.4732233113555836,5.144157814871017,2.5004552352048557,73.86479514415781,57.79393019726859,41.00561456752656,8.54628224582701,32.14309559939302,54.46980273141123,7.04375,2.144791666666667,76.43854166666667,59.44375,38.01979166666667,11.176041666666668,28.489583333333332,53.61666666666667,3.0590733590733588,2.013127413127413,71.63378378378378,57.91525096525096,47.55849420849421,4.046911196911197,40.351351351351354,58.62799227799228,1.3833333333333335,4.683333333333334,63.86666666666667,47.01666666666667,29.0,12.316666666666668,23.616666666666664,35.36666666666667,Rafael Nadal,494,"[2003, 2004, 2005, 2006, 2007, 2008, 2009, 2010, 2011, 2012, 2013, 2014, 2015, 2016, 2017, 2018, 2019, 2020, 2021, 2022, 2023, 2024]",1.853923013923014,6.162601355103855,39.27470545731523,0.70729241042776,1.6283755488286402,1,1,1.0,-1,1,41.06797477224947,7.852965000621589
Reilly Opelka,22.20200668896321,3.8668896321070236,62.80234113712375,79.75953177257524,55.233444816053506,0.5763516177026898,50.31973244147157,29.38294314381271,8.442809364548495,21.66655518394649,42.67591973244147,0.32033051489573233,23.753703703703703,3.8902777777777775,81.41666666666667,55.64907407407408,29.014814814814812,8.881481481481481,21.0837962962963,42.54027777777778,18.327272727272728,3.9227272727272724,74.77727272727272,53.51818181818182,27.58181818181818,8.968181818181819,19.654545454545453,41.78636363636363,18.104918032786887,3.763934426229508,75.68852459016394,54.380327868852454,31.33606557377049,6.7,24.455737704918032,43.47704918032787,9.45,,,,33.36666666666667,,,,Reilly Opelka,58,"[2016, 2017, 2019, 2020, 2021, 2022, 2024]",5.596829946884747,3.439494186274126,34.68789643516291,0.4736153599865314,1.3047959711174477,0,0,1.0,-1,0,262.850144092219,11.085224417717024
Richard Gasquet,7.162522851919562,3.2450639853747716,61.084917733089576,73.25603290676418,53.35978062157221,0.5487636630584323,51.73180987202925,38.24808043875686,8.798994515539306,30.3191042047532,50.31892138939671,0.41525778018782145,7.675272161741835,3.230171073094868,73.63934681181959,53.51259720062208,37.500466562986,10.077293934681181,29.11384136858476,50.03405909797823,8.027777777777779,2.5952380952380953,75.86111111111111,54.48095238095238,36.90873015873016,10.293650793650794,28.83809523809524,50.22222222222222,5.481993569131833,3.521864951768489,71.07459807073955,52.653054662379425,40.42990353697749,5.488424437299035,33.50128617363344,50.99742765273312,13.157142857142857,3.6285714285714286,80.66428571428571,51.949999999999996,36.17142857142857,10.178571428571429,28.314285714285713,49.199999999999996,Richard Gasquet,94,"[2002, 2005, 2006, 2007, 2011, 2012, 2013, 2014, 2015, 2016, 2017, 2018, 2019, 2021, 2022, 2023, 2024]",2.141221478344036,4.298022700426275,32.59477809524446,0.6400755835032339,1.3750055543212618,1,1,1.0,0,1,69.62690152121698,3.443564425276651
Roberto Bautista Agut,4.06289592760181,2.547398190045249,65.64004524886879,70.2433257918552,54.659276018099554,0.5638496335846808,52.13755656108597,39.85033936651583,8.665837104072398,30.971153846153847,53.352375565610856,0.43433083018795826,4.422282608695652,2.766304347826087,70.9751811594203,54.643115942028984,39.482608695652175,9.647101449275363,30.02373188405797,53.64420289855072,4.052564102564103,2.3038461538461537,71.96410256410256,55.92948717948718,38.44230769230769,11.912820512820513,27.867948717948714,54.829487179487174,3.253968253968254,2.151587301587302,68.08333333333333,54.19761904761904,41.13769841269841,5.428571428571429,34.09761904761905,52.239285714285714,7.199999999999999,1.5,73.30000000000001,67.75,34.05,19.1,19.549999999999997,55.45,Roberto Bautista Agut,96,"[2013, 2014, 2015, 2016, 2017, 2018, 2019, 2020, 2021, 2022, 2023, 2024]",1.534675041661325,4.5460962704865135,35.87837351098463,0.6542608569995617,1.3185225004629724,1,1,1.0,0,1,164.06896551724137,3.586160734394715
Roberto Carballes Baena,3.3051006711409396,3.6299328859060407,63.36375838926175,67.34389261744965,51.49248322147651,0.5464193292499671,51.36671140939597,41.4455033557047,4.830872483221476,33.938389261744966,52.648456375838926,0.4565623501452662,4.026153846153846,4.0807692307692305,68.09769230769231,50.08384615384615,36.41230769230769,7.562307692307693,27.463076923076922,50.22538461538462,5.338095238095238,3.2809523809523813,68.53809523809524,52.86666666666667,33.31904761904762,10.923809523809524,22.6,49.12857142857143,3.075420875420875,3.543602693602694,67.13670033670033,51.75218855218855,42.83434343434343,4.017676767676767,35.756397306397304,53.30319865319865,9.45,,,,33.36666666666667,,,,Roberto Carballes Baena,28,"[2015, 2017, 2018, 2019, 2020, 2021, 2022, 2023, 2024]",0.8861019144954656,8.405308289097592,32.62757265708752,0.7062943966651033,1.2679118781759011,1,1,1.0,0,1,169.45672575599582,3.2003588864538206
Robin Haase,7.88023872679045,3.594694960212202,59.29867374005305,72.53275862068965,50.280769230769224,0.559385976915089,50.381564986737395,37.33660477453581,6.80318302387268,29.505172413793105,49.490848806366046,0.4171149168727615,8.92420749279539,3.765706051873199,73.70028818443804,49.58933717579251,35.742363112391935,8.09221902017291,27.42651296829971,48.55936599423631,10.46984126984127,3.268253968253968,73.7031746031746,50.01746031746032,32.34126984126984,10.104761904761904,24.287301587301585,46.092063492063495,6.290350877192983,3.481286549707602,71.08567251461989,50.99912280701755,39.945614035087715,4.828362573099415,32.65584795321637,51.11286549707602,17.05,3.5999999999999996,80.55,55.7,25.15,16.85,15.75,40.8,Robin Haase,56,"[2012, 2013, 2014, 2015, 2016, 2017, 2018, 2019, 2020, 2021, 2022, 2024]",2.132852322492641,5.408607108549472,29.815829300142823,0.6325808122644904,1.3965129089618042,0,0,0.9999970729106676,0,0,148.5144076840982,4.088804856727569
Sebastian Baez,2.484090909090909,2.3265151515151516,72.52007575757575,64.81212121212121,52.734848484848484,0.5439635500209311,51.21666666666667,41.07878787878788,5.043939393939394,34.23560606060607,52.11174242424242,0.4333518874870374,2.5926470588235295,2.1882352941176473,62.3014705882353,47.28235294117647,35.55294117647059,8.927941176470588,27.66470588235294,48.19705882352941,2.790909090909091,3.5,64.63636363636364,53.38181818181818,32.67272727272727,9.227272727272727,25.2,45.236363636363635,2.425945945945946,2.3075675675675673,65.7454054054054,54.700540540540544,43.60972972972973,3.3675675675675674,37.18810810810811,53.95945945945946,9.45,,,,33.36666666666667,,,,Sebastian Baez,55,"[2021, 2022, 2023, 2024]",1.0237277552294721,7.985861561119293,38.24335207185491,0.6729447458213309,1.026406389647663,1,1,1.0,0,1,212.75574712643677,5.538724607296296
Sebastian Korda,8.31554054054054,3.1986486486486485,62.69797297297297,72.23885135135136,51.622635135135134,0.5735482301734489,51.410810810810815,38.682432432432435,5.983108108108108,30.093581081081084,51.82702702702702,0.42620271654104436,9.01256038647343,3.199033816425121,72.68115942028986,52.15265700483092,38.517391304347825,6.581642512077295,29.481642512077293,52.52657004830918,10.1,3.0,76.392,53.472,37.236,6.0120000000000005,28.124000000000002,51.412,5.3640625,3.275,69.1859375,49.1859375,39.78125,4.0359375,32.8421875,49.7265625,9.45,,,,33.36666666666667,,,,Sebastian Korda,50,"[2019, 2020, 2021, 2022, 2023, 2024]",2.5208930766079476,6.358991447295347,32.366345824963474,0.6327723798357998,1.6494248348135532,1,1,0.999999980092471,0,0,280.03005464480873,2.8067875455277855
Stan Wawrinka,8.848268398268399,3.046969696969697,57.74891774891775,74.37207792207792,54.24707792207793,0.5929696333136198,51.49025974025974,37.34880952380953,5.4356060606060606,29.78798701298701,48.96266233766234,0.39965187093420407,9.606297709923664,3.002290076335878,75.3618320610687,53.843511450381676,36.58969465648855,6.065267175572519,28.813358778625954,48.39522900763359,11.551470588235293,3.501470588235294,76.93088235294118,55.26470588235294,33.29705882352941,6.9941176470588236,26.094117647058823,45.286764705882355,6.97742946708464,3.023197492163009,72.15360501567397,54.61379310344827,39.60438871473354,4.0288401253918495,32.29059561128527,50.82319749216301,10.061538461538463,3.053846153846154,75.53076923076922,56.19230769230769,33.792307692307695,6.423076923076923,26.984615384615385,45.4076923076923,Stan Wawrinka,156,"[2005, 2007, 2008, 2009, 2010, 2011, 2012, 2013, 2014, 2015, 2016, 2017, 2018, 2019, 2020, 2021, 2022, 2023, 2024]",2.8116789325263087,6.747013626854876,31.3271004104121,0.5767234980025916,1.3573145101057045,0,0,1.0,0,0,82.07201458523245,2.843131354552267
Stefanos Tsitsipas,9.094585448392554,2.914213197969543,61.88646362098139,76.64348561759729,55.110152284263954,0.557036861444347,52.496452702702705,36.602195945945944,5.9626689189189195,29.07905405405405,49.18429054054054,0.41391066322858117,10.320949720670392,2.852793296089385,77.68435754189944,54.70921787709498,35.18440111420613,7.076323119777159,27.45376044568245,47.98467966573816,10.595238095238095,3.526190476190476,77.76666666666667,54.411904761904765,32.34047619047619,7.326190476190476,24.52142857142857,45.76904761904762,6.465968586387435,2.894764397905759,74.4455497382199,56.0151832460733,40.204188481675395,3.569633507853403,33.13612565445026,52.190052356020935,9.45,,,,33.36666666666667,,,,Stefanos Tsitsipas,210,"[2016, 2017, 2018, 2019, 2020, 2021, 2022, 2023, 2024]",3.0172336364657006,6.037307402970104,34.105724344868456,0.6299656648162664,1.5718853334248024,0,0,0.9999939957804924,0,0,145.37235543018335,3.2538374899569305
Steve Johnson,10.62624,3.74272,58.822880000000005,75.49472,53.77808,0.5799978422506835,50.67172523961661,34.60958466453674,9.634345047923324,26.881150159744408,46.86277955271565,0.37311835711220226,11.115812917594655,3.7469933184855235,75.75167037861915,54.18062360801781,34.58466666666667,9.969333333333333,26.66777777777778,47.019333333333336,11.16904761904762,3.9202380952380955,76.80119047619048,53.11666666666667,35.75119047619047,9.498809523809523,27.966666666666665,48.595238095238095,7.7413043478260875,3.5597826086956523,73.04782608695652,52.417391304347824,33.68913043478261,8.119565217391305,26.933695652173913,44.51521739130435,9.45,,,,33.36666666666667,,,,Steve Johnson,32,"[2014, 2015, 2016, 2017, 2018, 2019, 2020, 2021, 2022]",2.765291252029812,3.555409685412803,31.633815464704004,0.5487052074713068,1.4175974333500252,0,0,1.0,0,0,155.89955022488755,3.642390277583405
Tallon Griekspoor,8.211794871794872,3.826666666666667,63.53897435897436,72.66871794871794,51.65615384615385,0.5702423303721231,50.680512820512824,36.246153846153845,7.930256410256411,28.25051282051282,49.017692307692315,0.393299060308765,9.771505376344086,3.9618279569892474,74.11236559139785,51.12204301075269,34.104301075268815,9.51989247311828,25.51559139784946,47.936021505376345,10.911764705882353,2.9441176470588233,74.79705882352941,54.78235294117647,32.94705882352941,10.594117647058823,25.458823529411767,45.48529411764706,5.965294117647059,3.8552941176470585,70.6635294117647,51.61529411764706,39.24941176470588,5.658235294117647,31.801176470588235,50.90764705882353,9.45,,,,33.36666666666667,,,,Tallon Griekspoor,77,"[2018, 2019, 2020, 2021, 2022, 2023, 2024]",2.09128901658613,4.513698192732613,32.82179034714004,0.5868012843808338,1.611052190843269,0,0,0.9999999999987745,0,0,276.736301369863,2.4115223720369556
Taylor Fritz,12.145733788395903,3.0264505119453924,59.596416382252556,77.01092150170649,53.40955631399317,0.5548279887103601,52.102559726962454,37.031058020477815,7.76740614334471,28.29965870307167,50.716894197952215,0.40399610291794985,12.456398104265404,3.210663507109005,77.44383886255925,53.28104265402843,37.4260663507109,8.136255924170616,28.327251184834125,51.28483412322275,13.694029850746269,2.819402985074627,79.16268656716417,53.66567164179104,33.55522388059701,8.864179104477612,24.9955223880597,48.549253731343285,9.724742268041236,2.368041237113402,73.64123711340206,53.79175257731959,37.71340206185567,5.405154639175257,30.461855670103095,49.74329896907217,9.45,,,,33.36666666666667,,,,Taylor Fritz,115,"[2015, 2016, 2017, 2018, 2019, 2020, 2021, 2022, 2023, 2024]",3.884831613994869,4.706895429798495,31.83018156880103,0.616949962254352,1.2678600378948,0,0,0.9999999994919149,0,0,108.3776,2.833565862973257
Tennys Sandgren,9.802213279678067,3.256539235412475,60.50422535211267,73.0774647887324,49.56881287726358,0.5637549723987079,50.37565392354125,36.849295774647885,6.521327967806841,29.022736418511066,48.96458752515091,0.3883129695795162,10.560054347826087,3.0654891304347824,73.88505434782608,50.45081521739131,36.71820652173913,7.002989130434782,28.825619834710746,49.084848484848486,10.799999999999999,4.610526315789474,73.30526315789473,45.921052631578945,34.07368421052632,7.631578947368421,27.145,47.55,7.094545454545455,3.661818181818182,70.33636363636364,47.24818181818182,37.767272727272726,4.718181818181818,29.979824561403507,48.82982456140351,9.45,,,,33.36666666666667,,,,Tennys Sandgren,20,"[2013, 2014, 2015, 2016, 2017, 2018, 2019, 2020, 2021]",2.920333293370099,5.565242494226328,29.9912262476266,0.5850245734148148,1.4677861741987233,0,0,0.9999999999813483,0,0,293.2371705963939,2.0719060322241214
Thanasi Kokkinakis,12.236989795918367,3.75,60.527040816326526,77.00663265306122,52.17040816326531,0.5630243605933882,51.82602040816327,36.87525510204082,7.455102040816326,28.508673469387755,49.590306122448986,0.3819716227207184,13.514336917562725,3.940501792114696,77.84874551971326,51.97670250896057,36.72401433691756,8.075985663082436,27.936559139784947,49.631182795698926,13.236363636363636,4.045454545454546,76.87272727272727,46.10454545454545,29.39090909090909,11.495454545454546,22.38181818181818,43.17727272727273,8.079120879120879,3.0945054945054946,74.45714285714286,54.23076923076923,39.14835164835165,4.5747252747252745,31.743956043956043,51.01538461538461,9.45,,,,33.36666666666667,,,,Thanasi Kokkinakis,26,"[2013, 2014, 2015, 2017, 2018, 2021, 2022, 2023, 2024]",3.1784389080307447,4.880841437061049,31.57720424302374,0.5761049599729103,1.6522970032220987,0,0,0.9999999999997575,0,0,255.8986784140969,2.4352629169399043
Tomas Machac,6.617589576547231,2.6394136807817588,62.884364820846905,71.38501628664496,55.38366013071896,0.5656103065712186,52.38794788273616,39.98925081433225,7.337785016286644,31.793485342019544,52.69837133550489,0.44656157962228393,7.407582938388626,2.519431279620853,73.26635071090048,55.78809523809524,39.30284360189573,8.29431279620853,30.685781990521328,52.520379146919424,5.883333333333333,1.6416666666666666,67.8,53.44166666666666,36.833333333333336,9.508333333333333,27.916666666666668,52.53333333333333,4.537349397590361,3.0060240963855422,66.83975903614457,54.6277108433735,42.33975903614458,4.534939759036145,35.21807228915662,53.48072289156626,21.4,9.5,94.7,56.5,27.6,12.1,27.8,27.3,Tomas Machac,22,"[2020, 2022, 2023, 2024]",2.4156956004756243,5.3764999562056595,34.82766288773925,0.6709054460449569,1.5973743410918577,1,1,0.999999984600585,0,1,212.64080459770116,4.922395147796115
Tomas Martin Etcheverry,5.796551724137931,2.1324712643678163,68.17729885057472,69.72614942528736,51.979885057471265,0.562272603609835,51.75229885057471,39.912968299711814,5.070028818443804,32.83515850144092,50.81268011527378,0.4264793145173678,8.782089552238805,2.323880597014925,70.9731343283582,50.55074626865672,34.741791044776114,8.35223880597015,25.31044776119403,48.77910447761194,6.5181818181818185,2.7636363636363637,72.80000000000001,49.96363636363637,31.727272727272727,8.663636363636364,23.20909090909091,45.800000000000004,5.026296296296296,2.0592592592592593,69.29148148148148,52.416666666666664,41.53568773234201,4.105576208178439,35.10297397769517,51.52416356877323,9.45,,,,33.36666666666667,,,,Tomas Martin Etcheverry,20,"[2020, 2022, 2023, 2024]",2.596473162569185,7.720066889632108,35.43848157781741,0.6439633954247334,1.713145133375101,1,1,1.0,0,1,316.1752988047809,3.9032776286870523
Tommy Paul,6.674353876739562,3.140159045725646,60.21332007952286,71.62922465208747,53.54353876739563,0.5498783526974791,51.651292246520875,39.220079522862825,5.752485089463221,31.602186878727633,51.13876739562624,0.4340781236655988,7.195415472779369,3.132378223495702,72.18510028653294,53.779942693409744,39.31461318051576,6.180229226361032,31.388252148997136,51.52005730659026,7.051063829787234,3.1382978723404253,74.32978723404256,53.93829787234042,38.304255319148936,6.7468085106382985,30.795744680851065,50.8936170212766,4.809345794392524,3.166355140186916,68.62990654205608,52.59906542056075,39.314018691588785,3.9205607476635516,32.654205607476634,50.00280373831776,9.45,,,,33.36666666666667,,,,Tommy Paul,72,"[2016, 2017, 2019, 2020, 2021, 2022, 2023, 2024]",2.059884648423119,6.701440315238807,32.24034237991534,0.667937502247692,1.4656566830142632,1,1,1.0,0,1,203.50243902439024,2.363232326412738
Ugo Humbert,8.906053268765133,3.3162227602905565,61.227118644067794,74.71573849878935,53.89249394673123,0.590780954642659,51.809200968523,37.25230024213075,7.021549636803874,29.125665859564165,50.42978208232446,0.39918001545993514,9.67641196013289,3.26843853820598,75.8328903654485,55.09102990033223,37.41162790697674,7.422923588039867,28.772425249169434,51.24617940199336,9.145833333333334,3.7083333333333335,74.22500000000001,52.47083333333333,35.391666666666666,8.154166666666667,28.037499999999998,47.94166666666666,5.103125,3.246875,69.8296875,49.321875,37.8984375,4.284375,31.603125,48.45625,9.45,,,,33.36666666666667,,,,Ugo Humbert,52,"[2018, 2019, 2020, 2021, 2022, 2023, 2024]",2.60698844709051,5.230926152590779,32.99682120901218,0.5778677202622515,1.8597308271726876,0,0,1.0,0,0,204.9214559386973,2.6806885776155345
Vasek Pospisil,12.353733528550514,4.545680819912152,57.593850658857974,77.2502196193265,51.869546120058565,0.5771664115652575,51.04509516837482,35.529868228404105,5.79311859443631,27.842020497803805,47.381405563689604,0.39299762214455175,12.535263157894738,4.512280701754386,77.7598245614035,52.026315789473685,35.88035087719298,5.844912280701754,28.124385964912282,47.74947368421053,12.384057971014492,4.2724637681159425,77.1376811594203,52.2,33.80289855072464,6.501449275362319,25.852173913043476,46.46086956521739,7.71025641025641,5.225641025641026,68.87948717948719,48.87692307692308,33.63846153846154,3.8487179487179484,27.323076923076922,43.843589743589746,27.46,6.82,86.0,52.779999999999994,34.160000000000004,5.279999999999999,27.160000000000004,45.72,Vasek Pospisil,24,"[2013, 2014, 2015, 2017, 2018, 2019, 2020, 2021, 2022, 2023]",2.659186889379137,6.0290434782608715,29.873668929813988,0.5803560475425016,1.6049745999930887,0,0,1.0,0,0,225.48263888888889,4.859972963689617
Yoshihito Nishioka,2.6815412186379928,2.261290322580645,64.00698924731184,65.91254480286737,53.87741935483871,0.5210995128043698,50.24695340501792,39.2252688172043,9.641756272401434,29.598207885304657,53.53835125448029,0.4276231478098218,2.8466042154566744,2.250585480093677,66.79953161592506,54.630444964871195,39.46276346604215,10.196487119437938,29.318032786885244,54.38243559718969,2.3916666666666666,2.595833333333333,64.11666666666666,48.97083333333333,33.43333333333333,13.995833333333332,22.866666666666664,50.28333333333333,1.786868686868687,2.3212121212121213,62.111111111111114,51.23737373737374,39.61919191919192,6.194949494949494,32.5,50.68282828282829,5.8125,1.0875,71.0,61.075,39.05,9.625,28.8375,53.5875,Yoshihito Nishioka,45,"[2014, 2015, 2016, 2017, 2018, 2019, 2020, 2021, 2022, 2023, 2024]",1.1356253794778384,4.026508949759929,34.48531401318072,0.6884937743374338,1.5086392790696506,1,1,1.0,0,1,183.15384615384616,4.8816991923597435
Zhizhen Zhang,8.348563218390805,2.9408045977011494,61.87643678160919,71.3051724137931,50.23591954022988,0.5522311045394076,49.842528735632186,36.68793103448276,7.492528735632185,28.993103448275864,49.0,0.38026150954249593,9.066839378238342,3.1082901554404145,71.08704663212436,49.52538860103627,35.43523316062176,8.178238341968912,27.449740932642488,47.98497409326425,10.376,2.2319999999999998,71.68,48.784,34.372,9.388,27.316,48.6,6.892307692307693,2.8284615384615384,71.55692307692307,51.57,38.99307692307693,6.109999999999999,31.606923076923074,50.58384615384615,9.45,,,,33.36666666666667,,,,Zhizhen Zhang,23,"[2019, 2022, 2023, 2024]",2.7455112455112456,4.83210960563167,31.0841969959704,0.583016521131768,1.2966876998580688,0,0,0.9999999841739603,0,0,396.87606837606836,2.761882911287163
